date,site,plot,grid,sample_name,evacuation_datetime,collection_datetime,tz,doc_mg_l,tdn_mg_l,doc_flag,tdn_flag
2023-02-02,TMP,Control,C6,TMP_C_C6_20230202,2023-01-30T15:00:00Z,2023-02-02T16:17:00Z,EST,8.27,0.27,NA,NA
2023-02-02,TMP,Control,H6,TMP_C_H6_20230202,2023-01-30T15:00:00Z,2023-02-02T16:17:00Z,EST,11.4,0.39,NA,NA
2023-02-02,TMP,Control,D5,TMP_C_D5_20230202,2023-01-30T15:00:00Z,2023-02-02T16:17:00Z,EST,7.77,0.29,NA,NA
2023-02-02,TMP,Control,E3,TMP_C_E3_20230202,2023-01-30T15:00:00Z,2023-02-02T16:17:00Z,EST,8.63,0.3,NA,NA
2023-02-02,TMP,Control,F6,TMP_C_F6_20230202,2023-01-30T15:00:00Z,2023-02-02T16:17:00Z,EST,14.28,0.47,NA,NA
2023-02-02,TMP,Control,I5,TMP_C_I5_20230202,2023-01-30T15:00:00Z,2023-02-02T16:17:00Z,EST,14.91,0.41,NA,NA
2023-02-02,TMP,Freshwater,C3,TMP_FW_C3_20230202,2023-01-30T19:30:00Z,2023-02-02T20:30:00Z,EST,12.3,0.48,NA,NA
2023-02-02,TMP,Freshwater,C6,TMP_FW_C6_20230202,2023-01-30T19:30:00Z,2023-02-02T20:30:00Z,EST,7.2,0.39,NA,NA
2023-02-02,TMP,Freshwater,H3,TMP_FW_H3_20230202,2023-01-30T19:30:00Z,2023-02-02T20:30:00Z,EST,8.89,0.34,NA,NA
2023-02-02,TMP,Freshwater,H6,TMP_FW_H6_20230202,2023-01-30T19:30:00Z,2023-02-02T20:30:00Z,EST,11.86,1.71,NA,NA
2023-02-02,TMP,Freshwater,B4,TMP_FW_B4_20230202,2023-01-30T19:30:00Z,2023-02-02T20:30:00Z,EST,11.29,0.49,NA,NA
2023-02-02,TMP,Freshwater,D5,TMP_FW_D5_20230202,2023-01-30T19:30:00Z,2023-02-02T20:30:00Z,EST,10.41,0.35,NA,NA
2023-02-02,TMP,Freshwater,F6,TMP_FW_F6_20230202,2023-01-30T19:30:00Z,2023-02-02T20:30:00Z,EST,13.77,0.64,NA,NA
2023-02-02,TMP,Freshwater,I5,TMP_FW_I5_20230202,2023-01-30T19:30:00Z,2023-02-02T20:30:00Z,EST,13.09,0.58,NA,NA
2023-02-02,TMP,Estuarine-water,C3,TMP_SW_C3_20230202,2023-01-30T16:30:00Z,2023-02-02T17:30:00Z,EST,45.24,1.47,NA,NA
2023-02-02,TMP,Estuarine-water,C6,TMP_SW_C6_20230202,2023-01-30T16:30:00Z,2023-02-02T17:30:00Z,EST,39.86,1.82,NA,NA
2023-02-02,TMP,Estuarine-water,F4,TMP_SW_F4_20230202,2023-01-30T16:30:00Z,2023-02-02T17:30:00Z,EST,20.21,1.72,NA,NA
2023-02-02,TMP,Estuarine-water,H6,TMP_SW_H6_20230202,2023-01-30T16:30:00Z,2023-02-02T17:30:00Z,EST,19.65,0.76,NA,NA
2023-02-02,TMP,Estuarine-water,B4,TMP_SW_B4_20230202,2023-01-30T16:30:00Z,2023-02-02T17:30:00Z,EST,42.47,1.11,NA,NA
2023-02-02,TMP,Estuarine-water,D5,TMP_SW_D5_20230202,2023-01-30T16:30:00Z,2023-02-02T17:30:00Z,EST,52.63,1.54,NA,NA
2023-02-02,TMP,Estuarine-water,E3,TMP_SW_E3_20230202,2023-01-30T16:30:00Z,2023-02-02T17:30:00Z,EST,40.1,1.33,NA,NA
2023-02-02,TMP,Estuarine-water,F6,TMP_SW_F6_20230202,2023-01-30T16:30:00Z,2023-02-02T17:30:00Z,EST,42.55,1.45,NA,NA
2023-02-02,TMP,Control,B4,Lysimeter Empty,2023-01-30T16:30:00Z,2023-02-02T17:30:00Z,EST,NA,NA,NA,NA
2023-02-02,TMP,Control,C3,Lysimeter Empty,2023-01-30T16:30:00Z,2023-02-02T17:30:00Z,EST,NA,NA,NA,NA
2023-02-02,TMP,Control,F4,Lysimeter Empty,2023-01-30T16:30:00Z,2023-02-02T17:30:00Z,EST,NA,NA,NA,NA
2023-02-02,TMP,Control,H3,Lysimeter Empty,2023-01-30T16:30:00Z,2023-02-02T17:30:00Z,EST,NA,NA,NA,NA
2023-02-02,TMP,Freshwater,E3,Lysimeter Empty,2023-01-30T16:30:00Z,2023-02-02T17:30:00Z,EST,NA,NA,NA,NA
2023-02-02,TMP,Freshwater,F4,Lysimeter Empty,2023-01-30T16:30:00Z,2023-02-02T17:30:00Z,EST,NA,NA,NA,NA
2023-02-02,TMP,Estuarine-water,H3,Lysimeter Empty,2023-01-30T16:30:00Z,2023-02-02T17:30:00Z,EST,NA,NA,NA,NA
2023-02-02,TMP,Estuarine-water,I5,Lysimeter Empty,2023-01-30T16:30:00Z,2023-02-02T17:30:00Z,EST,NA,NA,NA,NA
2023-02-06,TMP,Control,H3,TMP_C_H3_20230206,2023-02-02T15:15:00Z,2023-02-06T15:35:00Z,EST,14.7,0.42,NA,NA
2023-02-06,TMP,Freshwater,E3,TMP_FW_E3_20230206,2023-02-02T16:00:00Z,2023-02-06T16:08:00Z,EST,10.96,1.31,NA,NA
2023-02-06,TMP,Estuarine-water,H3,TMP_SW_H3_20230206,2023-02-02T15:40:00Z,2023-02-06T15:55:00Z,EST,24.3,0.95,NA,NA
2023-02-06,TMP,Estuarine-water,I5,TMP_SW_I5_20230206,2023-02-02T15:40:00Z,2023-02-06T15:55:00Z,EST,85.4,3.13,NA,NA
2023-02-06,TMP,Control,B4,Lysimeter Empty,2023-02-02T15:40:00Z,2023-02-06T15:55:00Z,EST,NA,NA,NA,NA
2023-02-06,TMP,Control,C3,Lysimeter Empty,2023-02-02T15:40:00Z,2023-02-06T15:55:00Z,EST,NA,NA,NA,NA
2023-02-06,TMP,Control,C6,Lysimeter Empty,2023-02-02T15:40:00Z,2023-02-06T15:55:00Z,EST,NA,NA,NA,NA
2023-02-06,TMP,Control,D5,Lysimeter Empty,2023-02-02T15:40:00Z,2023-02-06T15:55:00Z,EST,NA,NA,NA,NA
2023-02-06,TMP,Control,E3,Lysimeter Empty,2023-02-02T15:40:00Z,2023-02-06T15:55:00Z,EST,NA,NA,NA,NA
2023-02-06,TMP,Control,F4,Lysimeter Empty,2023-02-02T15:40:00Z,2023-02-06T15:55:00Z,EST,NA,NA,NA,NA
2023-02-06,TMP,Control,F6,Lysimeter Empty,2023-02-02T15:40:00Z,2023-02-06T15:55:00Z,EST,NA,NA,NA,NA
2023-02-06,TMP,Control,H6,Lysimeter Empty,2023-02-02T15:40:00Z,2023-02-06T15:55:00Z,EST,NA,NA,NA,NA
2023-02-06,TMP,Control,I5,Lysimeter Empty,2023-02-02T15:40:00Z,2023-02-06T15:55:00Z,EST,NA,NA,NA,NA
2023-02-06,TMP,Freshwater,B4,Lysimeter Empty,2023-02-02T15:40:00Z,2023-02-06T15:55:00Z,EST,NA,NA,NA,NA
2023-02-06,TMP,Freshwater,C3,Lysimeter Empty,2023-02-02T15:40:00Z,2023-02-06T15:55:00Z,EST,NA,NA,NA,NA
2023-02-06,TMP,Freshwater,C6,Lysimeter Empty,2023-02-02T15:40:00Z,2023-02-06T15:55:00Z,EST,NA,NA,NA,NA
2023-02-06,TMP,Freshwater,D5,Lysimeter Empty,2023-02-02T15:40:00Z,2023-02-06T15:55:00Z,EST,NA,NA,NA,NA
2023-02-06,TMP,Freshwater,F4,Lysimeter Empty,2023-02-02T15:40:00Z,2023-02-06T15:55:00Z,EST,NA,NA,NA,NA
2023-02-06,TMP,Freshwater,F6,Lysimeter Empty,2023-02-02T15:40:00Z,2023-02-06T15:55:00Z,EST,NA,NA,NA,NA
2023-02-06,TMP,Freshwater,H3,Lysimeter Empty,2023-02-02T15:40:00Z,2023-02-06T15:55:00Z,EST,NA,NA,NA,NA
2023-02-06,TMP,Freshwater,H6,Lysimeter Empty,2023-02-02T15:40:00Z,2023-02-06T15:55:00Z,EST,NA,NA,NA,NA
2023-02-06,TMP,Freshwater,I5,Lysimeter Empty,2023-02-02T15:40:00Z,2023-02-06T15:55:00Z,EST,NA,NA,NA,NA
2023-02-06,TMP,Estuarine-water,B4,Lysimeter Empty,2023-02-02T15:40:00Z,2023-02-06T15:55:00Z,EST,NA,NA,NA,NA
2023-02-06,TMP,Estuarine-water,C3,Lysimeter Empty,2023-02-02T15:40:00Z,2023-02-06T15:55:00Z,EST,NA,NA,NA,NA
2023-02-06,TMP,Estuarine-water,C6,Lysimeter Empty,2023-02-02T15:40:00Z,2023-02-06T15:55:00Z,EST,NA,NA,NA,NA
2023-02-06,TMP,Estuarine-water,D5,Lysimeter Empty,2023-02-02T15:40:00Z,2023-02-06T15:55:00Z,EST,NA,NA,NA,NA
2023-02-06,TMP,Estuarine-water,E3,Lysimeter Empty,2023-02-02T15:40:00Z,2023-02-06T15:55:00Z,EST,NA,NA,NA,NA
2023-02-06,TMP,Estuarine-water,F4,Lysimeter Empty,2023-02-02T15:40:00Z,2023-02-06T15:55:00Z,EST,NA,NA,NA,NA
2023-02-06,TMP,Estuarine-water,F6,Lysimeter Empty,2023-02-02T15:40:00Z,2023-02-06T15:55:00Z,EST,NA,NA,NA,NA
2023-02-06,TMP,Estuarine-water,H6,Lysimeter Empty,2023-02-02T15:40:00Z,2023-02-06T15:55:00Z,EST,NA,NA,NA,NA
2023-04-17,TMP,Control,I5,TMP_C_I5_20230417,2023-04-14T13:31:00Z,2023-04-17T12:55:00Z,EDT,15.83,0.82,NA,NA
2023-04-17,TMP,Control,H6,TMP_C_H6_20230417,2023-04-14T13:12:00Z,2023-04-17T13:02:00Z,EDT,12.12,0.47,NA,NA
2023-04-17,TMP,Control,H3,TMP_C_H3_20230417,2023-04-14T13:03:00Z,2023-04-17T12:50:00Z,EDT,17.32,0.73,NA,NA
2023-04-17,TMP,Control,C6,TMP_C_C6_20230417,2023-04-14T13:32:00Z,2023-04-17T13:25:00Z,EDT,8.4,0.34,NA,NA
2023-04-17,TMP,Freshwater,C3,TMP_FW_C3_20230417,2023-04-14T14:17:00Z,2023-04-17T14:55:00Z,EDT,13.39,0.59,NA,NA
2023-04-17,TMP,Freshwater,H6,TMP_FW_H6_20230417,2023-04-14T14:19:00Z,2023-04-17T15:23:00Z,EDT,12.89,0.6,NA,NA
2023-04-17,TMP,Freshwater,D5,TMP_FW_D5_20230417,2023-04-14T14:13:00Z,2023-04-17T15:01:00Z,EDT,10.7,0.37,NA,NA
2023-04-17,TMP,Freshwater,I5,TMP_FW_I5_20230417,2023-04-14T14:17:00Z,2023-04-17T15:17:00Z,EDT,12.43,0.47,NA,NA
2023-04-17,TMP,Freshwater,H3,TMP_FW_H3_20230417,2023-04-14T14:10:00Z,2023-04-17T15:11:00Z,EDT,8.59,0.32,NA,NA
2023-04-17,TMP,Freshwater,C6,TMP_FW_C6_20230417,2023-04-14T15:45:00Z,2023-04-17T14:44:00Z,EDT,12.22,2.54,NA,NA
2023-04-17,TMP,Estuarine-water,F6,TMP_SW_F6_20230417,2023-04-14T13:54:00Z,2023-04-17T14:06:00Z,EDT,42.05,1.4,NA,NA
2023-04-17,TMP,Estuarine-water,C6,TMP_SW_C6_20230417,2023-04-14T15:36:00Z,2023-04-17T13:54:00Z,EDT,34.28,1.19,NA,NA
2023-04-17,TMP,Estuarine-water,B4,TMP_SW_B4_20230417,2023-04-14T14:01:00Z,2023-04-17T13:49:00Z,EDT,49.13,1.19,NA,NA
2023-04-17,TMP,Estuarine-water,D5,TMP_SW_D5_20230417,2023-04-14T13:48:00Z,2023-04-17T14:01:00Z,EDT,58,1.72,NA,NA
2023-04-17,TMP,Estuarine-water,E3,TMP_SW_E3_20230417,2023-04-14T13:38:00Z,2023-04-17T14:16:00Z,EDT,42.35,1.35,NA,NA
2023-04-17,TMP,Estuarine-water,C3,TMP_SW_C3_20230417,2023-04-14T15:29:00Z,2023-04-17T13:38:00Z,EDT,53.19,1.59,NA,NA
2023-04-17,TMP,Estuarine-water,H6,TMP_SW_H6_20230417,2023-04-14T15:59:00Z,2023-04-17T15:59:00Z,EDT,36.41,1.08,NA,NA
2023-04-17,TMP,Control,B4,Lysimeter Empty,2023-04-14T15:59:00Z,2023-04-17T15:59:00Z,EDT,NA,NA,NA,NA
2023-04-17,TMP,Control,C3,Lysimeter Empty,2023-04-14T15:59:00Z,2023-04-17T15:59:00Z,EDT,NA,NA,NA,NA
2023-04-17,TMP,Control,D5,Lysimeter Empty,2023-04-14T15:59:00Z,2023-04-17T15:59:00Z,EDT,NA,NA,NA,NA
2023-04-17,TMP,Control,E3,Lysimeter Empty,2023-04-14T15:59:00Z,2023-04-17T15:59:00Z,EDT,NA,NA,NA,NA
2023-04-17,TMP,Control,F4,Lysimeter Empty,2023-04-14T15:59:00Z,2023-04-17T15:59:00Z,EDT,NA,NA,NA,NA
2023-04-17,TMP,Control,F6,Lysimeter Empty,2023-04-14T15:59:00Z,2023-04-17T15:59:00Z,EDT,NA,NA,NA,NA
2023-04-17,TMP,Freshwater,B4,Lysimeter Empty,2023-04-14T15:59:00Z,2023-04-17T15:59:00Z,EDT,NA,NA,NA,NA
2023-04-17,TMP,Freshwater,E3,Lysimeter Empty,2023-04-14T15:59:00Z,2023-04-17T15:59:00Z,EDT,NA,NA,NA,NA
2023-04-17,TMP,Freshwater,F4,Lysimeter Empty,2023-04-14T15:59:00Z,2023-04-17T15:59:00Z,EDT,NA,NA,NA,NA
2023-04-17,TMP,Freshwater,F6,Lysimeter Empty,2023-04-14T15:59:00Z,2023-04-17T15:59:00Z,EDT,NA,NA,NA,NA
2023-04-17,TMP,Estuarine-water,F4,Lysimeter Empty,2023-04-14T15:59:00Z,2023-04-17T15:59:00Z,EDT,NA,NA,NA,NA
2023-04-17,TMP,Estuarine-water,H3,Lysimeter Empty,2023-04-14T15:59:00Z,2023-04-17T15:59:00Z,EDT,NA,NA,NA,NA
2023-04-17,TMP,Estuarine-water,I5,Lysimeter Empty,2023-04-14T15:59:00Z,2023-04-17T15:59:00Z,EDT,NA,NA,NA,NA
2023-05-15,TMP,Control,I5,TMP_C_I5_20230515,2023-05-12T15:39:00Z,2023-05-15T16:25:00Z,EDT,15.39,0.48,NA,NA
2023-05-15,TMP,Control,F6,TMP_C_F6_20230515,2023-05-12T15:36:00Z,2023-05-15T16:50:00Z,EDT,15.58,0.41,NA,NA
2023-05-15,TMP,Control,E3,TMP_C_E3_20230515,2023-05-12T18:01:00Z,2023-05-15T18:46:00Z,EDT,9.92,0.48,NA,NA
2023-05-15,TMP,Control,C6,TMP_C_C6_20230515,2023-05-12T15:26:00Z,2023-05-15T19:02:00Z,EDT,9.93,0.32,NA,NA
2023-05-15,TMP,Control,H6,TMP_C_H6_20230515,2023-05-12T15:36:00Z,2023-05-15T16:32:00Z,EDT,14.55,0.5,NA,NA
2023-05-15,TMP,Freshwater,B4,TMP_FW_B4_20230515,2023-05-12T17:24:00Z,2023-05-15T20:45:00Z,EDT,7.94,0.27,NA,NA
2023-05-15,TMP,Freshwater,C6,TMP_FW_C6_20230515,2023-05-12T17:26:00Z,2023-05-15T20:28:00Z,EDT,7.45,0.34,NA,NA
2023-05-15,TMP,Freshwater,D5,TMP_FW_D5_20230515,2023-05-12T14:50:00Z,2023-05-15T20:37:00Z,EDT,11.23,0.35,NA,NA
2023-05-15,TMP,Freshwater,I5,TMP_FW_I5_20230515,2023-05-12T14:36:00Z,2023-05-15T21:26:00Z,EDT,11.96,0.42,NA,NA
2023-05-15,TMP,Freshwater,E3,TMP_FW_E3_20230515,2023-05-12T21:34:00Z,2023-05-15T17:17:00Z,EDT,6.88,0.26,NA,NA
2023-05-15,TMP,Freshwater,H6,TMP_FW_H6_20230515,2023-05-12T14:40:00Z,2023-05-15T21:34:00Z,EDT,12.36,0.52,NA,NA
2023-05-15,TMP,Freshwater,C3,TMP_FW_C3_20230515,2023-05-12T17:21:00Z,2023-05-15T20:55:00Z,EDT,7.51,0.29,NA,NA
2023-05-15,TMP,Freshwater,H3,TMP_FW_H3_20230515,2023-05-12T14:38:00Z,2023-05-15T21:15:00Z,EDT,9.76,0.68,NA,NA
2023-05-15,TMP,Freshwater,F6,TMP_FW_F6_20230515,2023-05-12T17:14:00Z,2023-05-15T21:46:00Z,EDT,14.77,0.37,NA,NA
2023-05-15,TMP,Estuarine-water,F6,TMP_SW_F6_20230515,2023-05-12T15:06:00Z,2023-05-15T19:59:00Z,EDT,50.96,1.67,NA,NA
2023-05-15,TMP,Estuarine-water,H3,TMP_SW_H3_20230515,2023-05-12T17:47:00Z,2023-05-15T20:05:00Z,EDT,24.18,0.84,NA,NA
2023-05-15,TMP,Estuarine-water,B4,TMP_SW_B4_20230515,2023-05-12T14:59:00Z,2023-05-15T19:11:00Z,EDT,50.34,2.75,NA,NA
2023-05-15,TMP,Estuarine-water,C3,TMP_SW_C3_20230515,2023-05-12T15:02:00Z,2023-05-15T19:37:00Z,EDT,53.12,1.41,NA,NA
2023-05-15,TMP,Estuarine-water,H6,TMP_SW_H6_20230515,2023-05-12T17:36:00Z,2023-05-15T20:15:00Z,EDT,27.36,0.67,NA,NA
2023-05-15,TMP,Control,B4,Lysimeter Empty,2023-05-12T17:36:00Z,2023-05-15T20:15:00Z,EDT,NA,NA,NA,NA
2023-05-15,TMP,Control,C3,Lysimeter Empty,2023-05-12T17:36:00Z,2023-05-15T20:15:00Z,EDT,NA,NA,NA,NA
2023-05-15,TMP,Control,D5,Lysimeter Empty,2023-05-12T17:36:00Z,2023-05-15T20:15:00Z,EDT,NA,NA,NA,NA
2023-05-15,TMP,Control,F4,Lysimeter Empty,2023-05-12T17:36:00Z,2023-05-15T20:15:00Z,EDT,NA,NA,NA,NA
2023-05-15,TMP,Control,H3,Lysimeter Empty,2023-05-12T17:36:00Z,2023-05-15T20:15:00Z,EDT,NA,NA,NA,NA
2023-05-15,TMP,Freshwater,F4,Lysimeter Empty,2023-05-12T17:36:00Z,2023-05-15T20:15:00Z,EDT,NA,NA,NA,NA
2023-05-15,TMP,Estuarine-water,C6,Lysimeter Empty,2023-05-12T17:36:00Z,2023-05-15T20:15:00Z,EDT,NA,NA,NA,NA
2023-05-15,TMP,Estuarine-water,D5,Lysimeter Empty,2023-05-12T17:36:00Z,2023-05-15T20:15:00Z,EDT,NA,NA,NA,NA
2023-05-15,TMP,Estuarine-water,E3,Lysimeter Empty,2023-05-12T17:36:00Z,2023-05-15T20:15:00Z,EDT,NA,NA,NA,NA
2023-05-15,TMP,Estuarine-water,F4,Lysimeter Empty,2023-05-12T17:36:00Z,2023-05-15T20:15:00Z,EDT,NA,NA,NA,NA
2023-05-15,TMP,Estuarine-water,I5,Lysimeter Empty,2023-05-12T17:36:00Z,2023-05-15T20:15:00Z,EDT,NA,NA,NA,NA
2023-06-03,TMP,Control,I5,TMP_C_I5_20230603,2023-05-31T18:36:00Z,2023-06-03T18:00:00Z,EDT,20.45,0.44,NA,NA
2023-06-03,TMP,Control,H6,TMP_C_H6_20230603,2023-05-31T18:26:00Z,2023-06-03T18:15:00Z,EDT,24.67,0.53,NA,NA
2023-06-03,TMP,Control,C6,TMP_C_C6_20230603,2023-05-31T19:12:00Z,2023-06-03T18:41:00Z,EDT,21.48,0.32,NA,NA
2023-06-03,TMP,Freshwater,D5,TMP_FW_D5_20230603,2023-05-31T17:26:00Z,2023-06-03T19:52:00Z,EDT,10.05,0.36,NA,NA
2023-06-03,TMP,Freshwater,I5,TMP_FW_I5_20230603,2023-05-31T17:05:00Z,2023-06-03T20:09:00Z,EDT,11.05,0.4,NA,NA
2023-06-03,TMP,Estuarine-water,B4,TMP_SW_B4_20230603,2023-05-31T18:05:00Z,2023-06-03T19:06:00Z,EDT,67.48,1.45,NA,NA
2023-06-03,TMP,Control,B4,Lysimeter Empty,2023-05-31T18:05:00Z,2023-06-03T19:06:00Z,EDT,NA,NA,NA,NA
2023-06-03,TMP,Control,C3,Lysimeter Empty,2023-05-31T18:05:00Z,2023-06-03T19:06:00Z,EDT,NA,NA,NA,NA
2023-06-03,TMP,Control,D5,Lysimeter Empty,2023-05-31T18:05:00Z,2023-06-03T19:06:00Z,EDT,NA,NA,NA,NA
2023-06-03,TMP,Control,E3,Lysimeter Empty,2023-05-31T18:05:00Z,2023-06-03T19:06:00Z,EDT,NA,NA,NA,NA
2023-06-03,TMP,Control,F4,Lysimeter Empty,2023-05-31T18:05:00Z,2023-06-03T19:06:00Z,EDT,NA,NA,NA,NA
2023-06-03,TMP,Control,F6,Lysimeter Empty,2023-05-31T18:05:00Z,2023-06-03T19:06:00Z,EDT,NA,NA,NA,NA
2023-06-03,TMP,Control,H3,Lysimeter Empty,2023-05-31T18:05:00Z,2023-06-03T19:06:00Z,EDT,NA,NA,NA,NA
2023-06-03,TMP,Freshwater,B4,Lysimeter Empty,2023-05-31T18:05:00Z,2023-06-03T19:06:00Z,EDT,NA,NA,NA,NA
2023-06-03,TMP,Freshwater,C3,Lysimeter Empty,2023-05-31T18:05:00Z,2023-06-03T19:06:00Z,EDT,NA,NA,NA,NA
2023-06-03,TMP,Freshwater,C6,Lysimeter Empty,2023-05-31T18:05:00Z,2023-06-03T19:06:00Z,EDT,NA,NA,NA,NA
2023-06-03,TMP,Freshwater,E3,Lysimeter Empty,2023-05-31T18:05:00Z,2023-06-03T19:06:00Z,EDT,NA,NA,NA,NA
2023-06-03,TMP,Freshwater,F4,Lysimeter Empty,2023-05-31T18:05:00Z,2023-06-03T19:06:00Z,EDT,NA,NA,NA,NA
2023-06-03,TMP,Freshwater,F6,Lysimeter Empty,2023-05-31T18:05:00Z,2023-06-03T19:06:00Z,EDT,NA,NA,NA,NA
2023-06-03,TMP,Freshwater,H3,Lysimeter Empty,2023-05-31T18:05:00Z,2023-06-03T19:06:00Z,EDT,NA,NA,NA,NA
2023-06-03,TMP,Freshwater,H6,Lysimeter Empty,2023-05-31T18:05:00Z,2023-06-03T19:06:00Z,EDT,NA,NA,NA,NA
2023-06-03,TMP,Estuarine-water,C3,Lysimeter Empty,2023-05-31T18:05:00Z,2023-06-03T19:06:00Z,EDT,NA,NA,NA,NA
2023-06-03,TMP,Estuarine-water,C6,Lysimeter Empty,2023-05-31T18:05:00Z,2023-06-03T19:06:00Z,EDT,NA,NA,NA,NA
2023-06-03,TMP,Estuarine-water,D5,Lysimeter Empty,2023-05-31T18:05:00Z,2023-06-03T19:06:00Z,EDT,NA,NA,NA,NA
2023-06-03,TMP,Estuarine-water,E3,Lysimeter Empty,2023-05-31T18:05:00Z,2023-06-03T19:06:00Z,EDT,NA,NA,NA,NA
2023-06-03,TMP,Estuarine-water,F4,Lysimeter Empty,2023-05-31T18:05:00Z,2023-06-03T19:06:00Z,EDT,NA,NA,NA,NA
2023-06-03,TMP,Estuarine-water,F6,Lysimeter Empty,2023-05-31T18:05:00Z,2023-06-03T19:06:00Z,EDT,NA,NA,NA,NA
2023-06-03,TMP,Estuarine-water,H3,Lysimeter Empty,2023-05-31T18:05:00Z,2023-06-03T19:06:00Z,EDT,NA,NA,NA,NA
2023-06-03,TMP,Estuarine-water,H6,Lysimeter Empty,2023-05-31T18:05:00Z,2023-06-03T19:06:00Z,EDT,NA,NA,NA,NA
2023-06-03,TMP,Estuarine-water,I5,Lysimeter Empty,2023-05-31T18:05:00Z,2023-06-03T19:06:00Z,EDT,NA,NA,NA,NA
2023-06-05,TMP,Freshwater,D5,TMP_FW_D5_20230605,2023-06-03T15:59:00Z,2023-06-05T15:59:00Z,EDT,5.19,0.2,NA,blank is ≥ 25% of sample value
2023-06-05,TMP,Control,B4,Lysimeter Empty,2023-06-03T15:59:00Z,2023-06-05T15:59:00Z,EDT,NA,NA,NA,NA
2023-06-05,TMP,Control,C3,Lysimeter Empty,2023-06-03T15:59:00Z,2023-06-05T15:59:00Z,EDT,NA,NA,NA,NA
2023-06-05,TMP,Control,C6,Lysimeter Empty,2023-06-03T15:59:00Z,2023-06-05T15:59:00Z,EDT,NA,NA,NA,NA
2023-06-05,TMP,Control,D5,Lysimeter Empty,2023-06-03T15:59:00Z,2023-06-05T15:59:00Z,EDT,NA,NA,NA,NA
2023-06-05,TMP,Control,E3,Lysimeter Empty,2023-06-03T15:59:00Z,2023-06-05T15:59:00Z,EDT,NA,NA,NA,NA
2023-06-05,TMP,Control,F4,Lysimeter Empty,2023-06-03T15:59:00Z,2023-06-05T15:59:00Z,EDT,NA,NA,NA,NA
2023-06-05,TMP,Control,F6,Lysimeter Empty,2023-06-03T15:59:00Z,2023-06-05T15:59:00Z,EDT,NA,NA,NA,NA
2023-06-05,TMP,Control,H3,Lysimeter Empty,2023-06-03T15:59:00Z,2023-06-05T15:59:00Z,EDT,NA,NA,NA,NA
2023-06-05,TMP,Control,H6,Lysimeter Empty,2023-06-03T15:59:00Z,2023-06-05T15:59:00Z,EDT,NA,NA,NA,NA
2023-06-05,TMP,Control,I5,Lysimeter Empty,2023-06-03T15:59:00Z,2023-06-05T15:59:00Z,EDT,NA,NA,NA,NA
2023-06-05,TMP,Freshwater,B4,Lysimeter Empty,2023-06-03T15:59:00Z,2023-06-05T15:59:00Z,EDT,NA,NA,NA,NA
2023-06-05,TMP,Freshwater,C3,Lysimeter Empty,2023-06-03T15:59:00Z,2023-06-05T15:59:00Z,EDT,NA,NA,NA,NA
2023-06-05,TMP,Freshwater,C6,Lysimeter Empty,2023-06-03T15:59:00Z,2023-06-05T15:59:00Z,EDT,NA,NA,NA,NA
2023-06-05,TMP,Freshwater,E3,Lysimeter Empty,2023-06-03T15:59:00Z,2023-06-05T15:59:00Z,EDT,NA,NA,NA,NA
2023-06-05,TMP,Freshwater,F4,Lysimeter Empty,2023-06-03T15:59:00Z,2023-06-05T15:59:00Z,EDT,NA,NA,NA,NA
2023-06-05,TMP,Freshwater,F6,Lysimeter Empty,2023-06-03T15:59:00Z,2023-06-05T15:59:00Z,EDT,NA,NA,NA,NA
2023-06-05,TMP,Freshwater,H3,Lysimeter Empty,2023-06-03T15:59:00Z,2023-06-05T15:59:00Z,EDT,NA,NA,NA,NA
2023-06-05,TMP,Freshwater,H6,Lysimeter Empty,2023-06-03T15:59:00Z,2023-06-05T15:59:00Z,EDT,NA,NA,NA,NA
2023-06-05,TMP,Freshwater,I5,Lysimeter Empty,2023-06-03T15:59:00Z,2023-06-05T15:59:00Z,EDT,NA,NA,NA,NA
2023-06-05,TMP,Estuarine-water,B4,Lysimeter Empty,2023-06-03T15:59:00Z,2023-06-05T15:59:00Z,EDT,NA,NA,NA,NA
2023-06-05,TMP,Estuarine-water,C3,Lysimeter Empty,2023-06-03T15:59:00Z,2023-06-05T15:59:00Z,EDT,NA,NA,NA,NA
2023-06-05,TMP,Estuarine-water,C6,Lysimeter Empty,2023-06-03T15:59:00Z,2023-06-05T15:59:00Z,EDT,NA,NA,NA,NA
2023-06-05,TMP,Estuarine-water,D5,Lysimeter Empty,2023-06-03T15:59:00Z,2023-06-05T15:59:00Z,EDT,NA,NA,NA,NA
2023-06-05,TMP,Estuarine-water,E3,Lysimeter Empty,2023-06-03T15:59:00Z,2023-06-05T15:59:00Z,EDT,NA,NA,NA,NA
2023-06-05,TMP,Estuarine-water,F4,Lysimeter Empty,2023-06-03T15:59:00Z,2023-06-05T15:59:00Z,EDT,NA,NA,NA,NA
2023-06-05,TMP,Estuarine-water,F6,Lysimeter Empty,2023-06-03T15:59:00Z,2023-06-05T15:59:00Z,EDT,NA,NA,NA,NA
2023-06-05,TMP,Estuarine-water,H3,Lysimeter Empty,2023-06-03T15:59:00Z,2023-06-05T15:59:00Z,EDT,NA,NA,NA,NA
2023-06-05,TMP,Estuarine-water,H6,Lysimeter Empty,2023-06-03T15:59:00Z,2023-06-05T15:59:00Z,EDT,NA,NA,NA,NA
2023-06-05,TMP,Estuarine-water,I5,Lysimeter Empty,2023-06-03T15:59:00Z,2023-06-05T15:59:00Z,EDT,NA,NA,NA,NA
2023-06-06,TMP,Freshwater,B4,TMP_FW_B4_20230606,2023-06-05T19:42:00Z,2023-06-06T20:30:00Z,EDT,5.93,0.67,NA,NA
2023-06-06,TMP,Freshwater,H3,TMP_FW_H3_20230606,2023-06-05T15:59:00Z,2023-06-06T22:00:00Z,EDT,4.16,0.19,NA,blank is ≥ 25% of sample value
2023-06-06,TMP,Freshwater,I5,TMP_FW_I5_20230606,2023-06-05T15:59:00Z,2023-06-06T21:45:00Z,EDT,4.44,0.24,NA,blank is ≥ 25% of sample value
2023-06-06,TMP,Freshwater,D5,TMP_FW_D5_20230606,2023-06-05T19:47:00Z,2023-06-06T20:50:00Z,EDT,5.95,0.25,NA,blank is ≥ 25% of sample value
2023-06-06,TMP,Estuarine-water,D5,TMP_SW_D5_20230606,2023-06-05T15:59:00Z,2023-06-06T21:48:00Z,EDT,4.14,0.29,NA,NA
2023-06-06,TMP,Estuarine-water,E3,TMP_SW_E3_20230606,2023-06-05T15:59:00Z,2023-06-06T20:58:00Z,EDT,3.77,0.28,NA,blank is ≥ 25% of sample value
2023-06-06,TMP,Estuarine-water,C3,TMP_SW_C3_20230606,2023-06-05T15:59:00Z,2023-06-06T20:19:00Z,EDT,8.3,0.4,NA,NA
2023-06-06,TMP,Freshwater,C3,TMP_FW_C3_20230606,2023-06-05T15:59:00Z,2023-06-06T20:40:00Z,EDT,4.035,0.22499999999999998,average value of multiple aliquots,average value of multiple aliquots
2023-06-06,TMP,Freshwater,F4,TMP_FW_F4_20230606,2023-06-05T19:21:00Z,2023-06-06T21:16:00Z,EDT,6.575,0.29000000000000004,average value of multiple aliquots,average value of multiple aliquots
2023-06-06,TMP,Control,B4,Lysimeter Empty,2023-06-05T19:21:00Z,2023-06-06T21:16:00Z,EDT,NA,NA,NA,NA
2023-06-06,TMP,Control,C3,Lysimeter Empty,2023-06-05T19:21:00Z,2023-06-06T21:16:00Z,EDT,NA,NA,NA,NA
2023-06-06,TMP,Control,C6,Lysimeter Empty,2023-06-05T19:21:00Z,2023-06-06T21:16:00Z,EDT,NA,NA,NA,NA
2023-06-06,TMP,Control,D5,Lysimeter Empty,2023-06-05T19:21:00Z,2023-06-06T21:16:00Z,EDT,NA,NA,NA,NA
2023-06-06,TMP,Control,E3,Lysimeter Empty,2023-06-05T19:21:00Z,2023-06-06T21:16:00Z,EDT,NA,NA,NA,NA
2023-06-06,TMP,Control,F4,Lysimeter Empty,2023-06-05T19:21:00Z,2023-06-06T21:16:00Z,EDT,NA,NA,NA,NA
2023-06-06,TMP,Control,F6,Lysimeter Empty,2023-06-05T19:21:00Z,2023-06-06T21:16:00Z,EDT,NA,NA,NA,NA
2023-06-06,TMP,Control,H3,Lysimeter Empty,2023-06-05T19:21:00Z,2023-06-06T21:16:00Z,EDT,NA,NA,NA,NA
2023-06-06,TMP,Control,H6,Lysimeter Empty,2023-06-05T19:21:00Z,2023-06-06T21:16:00Z,EDT,NA,NA,NA,NA
2023-06-06,TMP,Control,I5,Lysimeter Empty,2023-06-05T19:21:00Z,2023-06-06T21:16:00Z,EDT,NA,NA,NA,NA
2023-06-06,TMP,Freshwater,C6,Lysimeter Empty,2023-06-05T19:21:00Z,2023-06-06T21:16:00Z,EDT,NA,NA,NA,NA
2023-06-06,TMP,Freshwater,E3,Lysimeter Empty,2023-06-05T19:21:00Z,2023-06-06T21:16:00Z,EDT,NA,NA,NA,NA
2023-06-06,TMP,Freshwater,F6,Lysimeter Empty,2023-06-05T19:21:00Z,2023-06-06T21:16:00Z,EDT,NA,NA,NA,NA
2023-06-06,TMP,Freshwater,H6,Lysimeter Empty,2023-06-05T19:21:00Z,2023-06-06T21:16:00Z,EDT,NA,NA,NA,NA
2023-06-06,TMP,Estuarine-water,B4,Lysimeter Empty,2023-06-05T19:21:00Z,2023-06-06T21:16:00Z,EDT,NA,NA,NA,NA
2023-06-06,TMP,Estuarine-water,C6,Lysimeter Empty,2023-06-05T19:21:00Z,2023-06-06T21:16:00Z,EDT,NA,NA,NA,NA
2023-06-06,TMP,Estuarine-water,F4,Lysimeter Empty,2023-06-05T19:21:00Z,2023-06-06T21:16:00Z,EDT,NA,NA,NA,NA
2023-06-06,TMP,Estuarine-water,F6,Lysimeter Empty,2023-06-05T19:21:00Z,2023-06-06T21:16:00Z,EDT,NA,NA,NA,NA
2023-06-06,TMP,Estuarine-water,H3,Lysimeter Empty,2023-06-05T19:21:00Z,2023-06-06T21:16:00Z,EDT,NA,NA,NA,NA
2023-06-06,TMP,Estuarine-water,H6,Lysimeter Empty,2023-06-05T19:21:00Z,2023-06-06T21:16:00Z,EDT,NA,NA,NA,NA
2023-06-06,TMP,Estuarine-water,I5,Lysimeter Empty,2023-06-05T19:21:00Z,2023-06-06T21:16:00Z,EDT,NA,NA,NA,NA
2023-06-07,TMP,Freshwater,C3,TMP_FW_C3_20230607_0800,2023-06-06T20:40:00Z,2023-06-07T13:02:00Z,EDT,6.18,0.31,NA,NA
2023-06-07,TMP,Freshwater,I5,TMP_FW_I5_20230607_0800,2023-06-06T21:45:00Z,2023-06-07T12:01:00Z,EDT,7.46,0.46,NA,NA
2023-06-07,TMP,Freshwater,H3,TMP_FW_H3_20230607_0800,2023-06-06T22:00:00Z,2023-06-07T12:27:00Z,EDT,4.69,0.23,NA,blank is ≥ 25% of sample value
2023-06-07,TMP,Freshwater,H6,TMP_FW_H6_20230607_0800,2023-06-06T21:36:00Z,2023-06-07T12:15:00Z,EDT,8.28,0.41,NA,NA
2023-06-07,TMP,Freshwater,D5,TMP_FW_D5_20230607_0800,2023-06-06T20:50:00Z,2023-06-07T13:21:00Z,EDT,7.08,0.24,NA,blank is ≥ 25% of sample value
2023-06-07,TMP,Freshwater,D5,TMP_FW_D5_20230607_1600,2023-06-07T13:21:00Z,2023-06-07T22:05:00Z,EDT,5.98,0.24,NA,blank is ≥ 25% of sample value
2023-06-07,TMP,Freshwater,H6,TMP_FW_H6_20230607_1600,2023-06-07T12:15:00Z,2023-06-07T20:43:00Z,EDT,8.16,0.54,NA,NA
2023-06-07,TMP,Freshwater,H3,TMP_FW_H3_20230607_1600,2023-06-07T12:27:00Z,2023-06-07T20:54:00Z,EDT,4.17,0.21,NA,blank is ≥ 25% of sample value
2023-06-07,TMP,Freshwater,I5,TMP_FW_I5_20230607_1600,2023-06-07T12:01:00Z,2023-06-07T21:04:00Z,EDT,4.08,0.18,NA,blank is ≥ 25% of sample value
2023-06-07,TMP,Freshwater,F4,TMP_FW_F4_20230607_1600,2023-06-07T12:40:00Z,2023-06-07T21:54:00Z,EDT,4.65,0.2,NA,blank is ≥ 25% of sample value
2023-06-07,TMP,Freshwater,C3,TMP_FW_C3_20230607_1600,2023-06-07T13:02:00Z,2023-06-07T21:34:00Z,EDT,4.51,0.19,NA,blank is ≥ 25% of sample value
2023-06-07,TMP,Freshwater,B4,TMP_FW_B4_20230607_1600,2023-06-07T13:34:00Z,2023-06-07T21:23:00Z,EDT,4.75,0.26,NA,blank is ≥ 25% of sample value
2023-06-07,TMP,Estuarine-water,C3,TMP_SW_C3_20230607_0800,2023-06-06T20:19:00Z,2023-06-07T12:51:00Z,EDT,6.15,0.37,NA,NA
2023-06-07,TMP,Estuarine-water,B4,TMP_SW_B4_20230607_0800,2023-06-06T20:31:00Z,2023-06-07T13:02:00Z,EDT,4.18,0.29,NA,NA
2023-06-07,TMP,Estuarine-water,D5,TMP_SW_D5_20230607_0800,2023-06-06T21:48:00Z,2023-06-07T13:25:00Z,EDT,3.87,0.28,NA,blank is ≥ 25% of sample value
2023-06-07,TMP,Estuarine-water,E3,TMP_SW_E3_20230607_0800,2023-06-06T20:58:00Z,2023-06-07T12:32:00Z,EDT,3.82,0.29,NA,NA
2023-06-07,TMP,Estuarine-water,I5,TMP_SW_I5_20230607_1600,2023-06-07T11:58:00Z,2023-06-07T20:45:00Z,EDT,11.37,0.72,NA,NA
2023-06-07,TMP,Estuarine-water,E3,TMP_SW_E3_20230607_1600,2023-06-07T12:23:00Z,2023-06-07T21:03:00Z,EDT,3.79,0.25,NA,blank is ≥ 25% of sample value
2023-06-07,TMP,Estuarine-water,B4,TMP_SW_B4_20230607_1600,2023-06-07T13:02:00Z,2023-06-07T21:23:00Z,EDT,4.27,0.36,NA,NA
2023-06-07,TMP,Estuarine-water,C3,TMP_SW_C3_20230607_1600,2023-06-07T12:15:00Z,2023-06-07T21:33:00Z,EDT,5.71,0.34,NA,NA
2023-06-07,TMP,Estuarine-water,D5,TMP_SW_D5_20230607_1600,2023-06-07T13:25:00Z,2023-06-07T21:11:00Z,EDT,4.04,0.32,NA,NA
2023-06-07,TMP,Control,B4,Lysimeter Empty,2023-06-07T13:25:00Z,2023-06-07T21:11:00Z,EDT,NA,NA,NA,NA
2023-06-07,TMP,Control,C3,Lysimeter Empty,2023-06-07T13:25:00Z,2023-06-07T21:11:00Z,EDT,NA,NA,NA,NA
2023-06-07,TMP,Control,C6,Lysimeter Empty,2023-06-07T13:25:00Z,2023-06-07T21:11:00Z,EDT,NA,NA,NA,NA
2023-06-07,TMP,Control,D5,Lysimeter Empty,2023-06-07T13:25:00Z,2023-06-07T21:11:00Z,EDT,NA,NA,NA,NA
2023-06-07,TMP,Control,E3,Lysimeter Empty,2023-06-07T13:25:00Z,2023-06-07T21:11:00Z,EDT,NA,NA,NA,NA
2023-06-07,TMP,Control,F4,Lysimeter Empty,2023-06-07T13:25:00Z,2023-06-07T21:11:00Z,EDT,NA,NA,NA,NA
2023-06-07,TMP,Control,F6,Lysimeter Empty,2023-06-07T13:25:00Z,2023-06-07T21:11:00Z,EDT,NA,NA,NA,NA
2023-06-07,TMP,Control,H3,Lysimeter Empty,2023-06-07T13:25:00Z,2023-06-07T21:11:00Z,EDT,NA,NA,NA,NA
2023-06-07,TMP,Control,H6,Lysimeter Empty,2023-06-07T13:25:00Z,2023-06-07T21:11:00Z,EDT,NA,NA,NA,NA
2023-06-07,TMP,Control,I5,Lysimeter Empty,2023-06-07T13:25:00Z,2023-06-07T21:11:00Z,EDT,NA,NA,NA,NA
2023-06-07,TMP,Freshwater,C6,Lysimeter Empty,2023-06-07T13:25:00Z,2023-06-07T21:11:00Z,EDT,NA,NA,NA,NA
2023-06-07,TMP,Freshwater,E3,Lysimeter Empty,2023-06-07T13:25:00Z,2023-06-07T21:11:00Z,EDT,NA,NA,NA,NA
2023-06-07,TMP,Freshwater,F6,Lysimeter Empty,2023-06-07T13:25:00Z,2023-06-07T21:11:00Z,EDT,NA,NA,NA,NA
2023-06-07,TMP,Estuarine-water,C6,Lysimeter Empty,2023-06-07T13:25:00Z,2023-06-07T21:11:00Z,EDT,NA,NA,NA,NA
2023-06-07,TMP,Estuarine-water,F4,Lysimeter Empty,2023-06-07T13:25:00Z,2023-06-07T21:11:00Z,EDT,NA,NA,NA,NA
2023-06-07,TMP,Estuarine-water,F6,Lysimeter Empty,2023-06-07T13:25:00Z,2023-06-07T21:11:00Z,EDT,NA,NA,NA,NA
2023-06-07,TMP,Estuarine-water,H3,Lysimeter Empty,2023-06-07T13:25:00Z,2023-06-07T21:11:00Z,EDT,NA,NA,NA,NA
2023-06-07,TMP,Estuarine-water,H6,Lysimeter Empty,2023-06-07T13:25:00Z,2023-06-07T21:11:00Z,EDT,NA,NA,NA,NA
2023-06-08,TMP,Freshwater,C3,TMP_FW_C3_20230608,2023-06-07T21:34:00Z,2023-06-08T20:13:00Z,EDT,4.95,0.27,NA,blank is ≥ 25% of sample value
2023-06-08,TMP,Freshwater,I5,TMP_FW_I5_20230608,2023-06-07T21:04:00Z,2023-06-08T19:28:00Z,EDT,6.64,0.49,NA,NA
2023-06-08,TMP,Freshwater,D5,TMP_FW_D5_20230608,2023-06-07T22:05:00Z,2023-06-08T19:55:00Z,EDT,5.88,0.27,NA,blank is ≥ 25% of sample value
2023-06-08,TMP,Freshwater,F4,TMP_FW_F4_20230608,2023-06-07T21:54:00Z,2023-06-08T20:32:00Z,EDT,5.57,0.28,NA,blank is ≥ 25% of sample value
2023-06-08,TMP,Freshwater,H6,TMP_FW_H6_20230608,2023-06-07T20:43:00Z,2023-06-08T19:43:00Z,EDT,8.49,0.4,NA,NA
2023-06-08,TMP,Estuarine-water,D5,TMP_SW_D5_20230608,2023-06-07T21:11:00Z,2023-06-08T18:35:00Z,EDT,4.2,0.34,NA,blank is ≥ 25% of sample value
2023-06-08,TMP,Estuarine-water,H6,TMP_SW_H6_20230608,2023-06-07T20:34:00Z,2023-06-08T17:49:00Z,EDT,4.39,0.39,NA,NA
2023-06-08,TMP,Estuarine-water,B4,TMP_SW_B4_20230608,2023-06-07T21:23:00Z,2023-06-08T18:15:00Z,EDT,5.01,0.37,NA,NA
2023-06-08,TMP,Estuarine-water,C3,TMP_SW_C3_20230608,2023-06-07T21:33:00Z,2023-06-08T18:05:00Z,EDT,6.32,0.43,NA,NA
2023-06-08,TMP,Estuarine-water,E3,TMP_SW_E3_20230608,2023-06-07T21:03:00Z,2023-06-08T17:30:00Z,EDT,4.38,0.38,NA,NA
2023-06-08,TMP,Control,B4,Lysimeter Empty,2023-06-07T21:03:00Z,2023-06-08T17:30:00Z,EDT,NA,NA,NA,NA
2023-06-08,TMP,Control,C3,Lysimeter Empty,2023-06-07T21:03:00Z,2023-06-08T17:30:00Z,EDT,NA,NA,NA,NA
2023-06-08,TMP,Control,C6,Lysimeter Empty,2023-06-07T21:03:00Z,2023-06-08T17:30:00Z,EDT,NA,NA,NA,NA
2023-06-08,TMP,Control,D5,Lysimeter Empty,2023-06-07T21:03:00Z,2023-06-08T17:30:00Z,EDT,NA,NA,NA,NA
2023-06-08,TMP,Control,E3,Lysimeter Empty,2023-06-07T21:03:00Z,2023-06-08T17:30:00Z,EDT,NA,NA,NA,NA
2023-06-08,TMP,Control,F4,Lysimeter Empty,2023-06-07T21:03:00Z,2023-06-08T17:30:00Z,EDT,NA,NA,NA,NA
2023-06-08,TMP,Control,F6,Lysimeter Empty,2023-06-07T21:03:00Z,2023-06-08T17:30:00Z,EDT,NA,NA,NA,NA
2023-06-08,TMP,Control,H3,Lysimeter Empty,2023-06-07T21:03:00Z,2023-06-08T17:30:00Z,EDT,NA,NA,NA,NA
2023-06-08,TMP,Control,H6,Lysimeter Empty,2023-06-07T21:03:00Z,2023-06-08T17:30:00Z,EDT,NA,NA,NA,NA
2023-06-08,TMP,Control,I5,Lysimeter Empty,2023-06-07T21:03:00Z,2023-06-08T17:30:00Z,EDT,NA,NA,NA,NA
2023-06-08,TMP,Freshwater,B4,Lysimeter Empty,2023-06-07T21:03:00Z,2023-06-08T17:30:00Z,EDT,NA,NA,NA,NA
2023-06-08,TMP,Freshwater,C6,Lysimeter Empty,2023-06-07T21:03:00Z,2023-06-08T17:30:00Z,EDT,NA,NA,NA,NA
2023-06-08,TMP,Freshwater,E3,Lysimeter Empty,2023-06-07T21:03:00Z,2023-06-08T17:30:00Z,EDT,NA,NA,NA,NA
2023-06-08,TMP,Freshwater,F6,Lysimeter Empty,2023-06-07T21:03:00Z,2023-06-08T17:30:00Z,EDT,NA,NA,NA,NA
2023-06-08,TMP,Freshwater,H3,Lysimeter Empty,2023-06-07T21:03:00Z,2023-06-08T17:30:00Z,EDT,NA,NA,NA,NA
2023-06-08,TMP,Estuarine-water,C6,Lysimeter Empty,2023-06-07T21:03:00Z,2023-06-08T17:30:00Z,EDT,NA,NA,NA,NA
2023-06-08,TMP,Estuarine-water,F4,Lysimeter Empty,2023-06-07T21:03:00Z,2023-06-08T17:30:00Z,EDT,NA,NA,NA,NA
2023-06-08,TMP,Estuarine-water,F6,Lysimeter Empty,2023-06-07T21:03:00Z,2023-06-08T17:30:00Z,EDT,NA,NA,NA,NA
2023-06-08,TMP,Estuarine-water,H3,Lysimeter Empty,2023-06-07T21:03:00Z,2023-06-08T17:30:00Z,EDT,NA,NA,NA,NA
2023-06-08,TMP,Estuarine-water,I5,Lysimeter Empty,2023-06-07T21:03:00Z,2023-06-08T17:30:00Z,EDT,NA,NA,NA,NA
2023-06-12,TMP,Freshwater,D5,TMP_FW_D5_20230612,2023-06-08T19:55:00Z,2023-06-12T13:44:00Z,EDT,6.77,0.3,NA,blank is ≥ 25% of sample value
2023-06-12,TMP,Freshwater,I5,TMP_FW_I5_20230612,2023-06-08T19:28:00Z,2023-06-12T14:09:00Z,EDT,8.2,0.39,NA,NA
2023-06-12,TMP,Estuarine-water,H6,TMP_SW_H6_20230612,2023-06-08T15:59:00Z,2023-06-12T15:59:00Z,EDT,5.19,0.42,NA,NA
2023-06-12,TMP,Estuarine-water,E3,TMP_SW_E3_20230612,2023-06-08T17:30:00Z,2023-06-12T12:55:00Z,EDT,4.12,0.33,NA,blank is ≥ 25% of sample value
2023-06-12,TMP,Control,H6,TMP_C_H6_20230612,2023-06-08T20:47:00Z,2023-06-12T14:22:00Z,EDT,16.2,0.75,NA,NA
2023-06-12,TMP,Control,B4,Lysimeter Empty,2023-06-08T20:47:00Z,2023-06-12T14:22:00Z,EDT,NA,NA,NA,NA
2023-06-12,TMP,Control,C3,Lysimeter Empty,2023-06-08T20:47:00Z,2023-06-12T14:22:00Z,EDT,NA,NA,NA,NA
2023-06-12,TMP,Control,C6,Lysimeter Empty,2023-06-08T20:47:00Z,2023-06-12T14:22:00Z,EDT,NA,NA,NA,NA
2023-06-12,TMP,Control,D5,Lysimeter Empty,2023-06-08T20:47:00Z,2023-06-12T14:22:00Z,EDT,NA,NA,NA,NA
2023-06-12,TMP,Control,E3,Lysimeter Empty,2023-06-08T20:47:00Z,2023-06-12T14:22:00Z,EDT,NA,NA,NA,NA
2023-06-12,TMP,Control,F4,Lysimeter Empty,2023-06-08T20:47:00Z,2023-06-12T14:22:00Z,EDT,NA,NA,NA,NA
2023-06-12,TMP,Control,F6,Lysimeter Empty,2023-06-08T20:47:00Z,2023-06-12T14:22:00Z,EDT,NA,NA,NA,NA
2023-06-12,TMP,Control,H3,Lysimeter Empty,2023-06-08T20:47:00Z,2023-06-12T14:22:00Z,EDT,NA,NA,NA,NA
2023-06-12,TMP,Control,I5,Lysimeter Empty,2023-06-08T20:47:00Z,2023-06-12T14:22:00Z,EDT,NA,NA,NA,NA
2023-06-12,TMP,Freshwater,B4,Lysimeter Empty,2023-06-08T20:47:00Z,2023-06-12T14:22:00Z,EDT,NA,NA,NA,NA
2023-06-12,TMP,Freshwater,C3,Lysimeter Empty,2023-06-08T20:47:00Z,2023-06-12T14:22:00Z,EDT,NA,NA,NA,NA
2023-06-12,TMP,Freshwater,C6,Lysimeter Empty,2023-06-08T20:47:00Z,2023-06-12T14:22:00Z,EDT,NA,NA,NA,NA
2023-06-12,TMP,Freshwater,E3,Lysimeter Empty,2023-06-08T20:47:00Z,2023-06-12T14:22:00Z,EDT,NA,NA,NA,NA
2023-06-12,TMP,Freshwater,F4,Lysimeter Empty,2023-06-08T20:47:00Z,2023-06-12T14:22:00Z,EDT,NA,NA,NA,NA
2023-06-12,TMP,Freshwater,F6,Lysimeter Empty,2023-06-08T20:47:00Z,2023-06-12T14:22:00Z,EDT,NA,NA,NA,NA
2023-06-12,TMP,Freshwater,H3,Lysimeter Empty,2023-06-08T20:47:00Z,2023-06-12T14:22:00Z,EDT,NA,NA,NA,NA
2023-06-12,TMP,Freshwater,H6,Lysimeter Empty,2023-06-08T20:47:00Z,2023-06-12T14:22:00Z,EDT,NA,NA,NA,NA
2023-06-12,TMP,Estuarine-water,B4,Lysimeter Empty,2023-06-08T20:47:00Z,2023-06-12T14:22:00Z,EDT,NA,NA,NA,NA
2023-06-12,TMP,Estuarine-water,C3,Lysimeter Empty,2023-06-08T20:47:00Z,2023-06-12T14:22:00Z,EDT,NA,NA,NA,NA
2023-06-12,TMP,Estuarine-water,C6,Lysimeter Empty,2023-06-08T20:47:00Z,2023-06-12T14:22:00Z,EDT,NA,NA,NA,NA
2023-06-12,TMP,Estuarine-water,D5,Lysimeter Empty,2023-06-08T20:47:00Z,2023-06-12T14:22:00Z,EDT,NA,NA,NA,NA
2023-06-12,TMP,Estuarine-water,F4,Lysimeter Empty,2023-06-08T20:47:00Z,2023-06-12T14:22:00Z,EDT,NA,NA,NA,NA
2023-06-12,TMP,Estuarine-water,F6,Lysimeter Empty,2023-06-08T20:47:00Z,2023-06-12T14:22:00Z,EDT,NA,NA,NA,NA
2023-06-12,TMP,Estuarine-water,H3,Lysimeter Empty,2023-06-08T20:47:00Z,2023-06-12T14:22:00Z,EDT,NA,NA,NA,NA
2023-06-12,TMP,Estuarine-water,I5,Lysimeter Empty,2023-06-08T20:47:00Z,2023-06-12T14:22:00Z,EDT,NA,NA,NA,NA
2023-06-14,TMP,Freshwater,I5,TMP_FW_I5_20230614,2023-06-12T14:09:00Z,2023-06-14T19:36:00Z,EDT,10.73,0.42,NA,NA
2023-06-14,TMP,Freshwater,C3,TMP_FW_C3_20230614,2023-06-12T13:39:00Z,2023-06-14T19:02:00Z,EDT,6.84,0.31,NA,NA
2023-06-14,TMP,Freshwater,D5,TMP_FW_D5_20230614,2023-06-12T13:44:00Z,2023-06-14T19:13:00Z,EDT,8.14,0.35,NA,NA
2023-06-14,TMP,Estuarine-water,C3,TMP_SW_C3_20230614,2023-06-12T12:48:00Z,2023-06-14T16:01:00Z,EDT,7.45,0.64,NA,NA
2023-06-14,TMP,Estuarine-water,E3,TMP_SW_E3_20230614,2023-06-12T12:55:00Z,2023-06-14T16:57:00Z,EDT,5.14,0.3,NA,NA
2023-06-14,TMP,Estuarine-water,H6,TMP_SW_H6_20230614,2023-06-12T13:17:00Z,2023-06-14T17:18:00Z,EDT,5.28,0.3,NA,NA
2023-06-14,TMP,Estuarine-water,F6,TMP_SW_F6_20230614,2023-06-12T13:22:00Z,2023-06-14T16:42:00Z,EDT,4.09,0.34,NA,NA
2023-06-14,TMP,Estuarine-water,D5,TMP_SW_D5_20230614,2023-06-12T13:27:00Z,2023-06-14T16:28:00Z,EDT,7.68,0.44,NA,NA
2023-06-14,TMP,Estuarine-water,B4,TMP_SW_B4_20230614,2023-06-12T13:35:00Z,2023-06-14T16:14:00Z,EDT,7.82,0.48,NA,NA
2023-06-14,TMP,Control,B4,Lysimeter Empty,2023-06-12T13:35:00Z,2023-06-14T16:14:00Z,EDT,NA,NA,NA,NA
2023-06-14,TMP,Control,C3,Lysimeter Empty,2023-06-12T13:35:00Z,2023-06-14T16:14:00Z,EDT,NA,NA,NA,NA
2023-06-14,TMP,Control,C6,Lysimeter Empty,2023-06-12T13:35:00Z,2023-06-14T16:14:00Z,EDT,NA,NA,NA,NA
2023-06-14,TMP,Control,D5,Lysimeter Empty,2023-06-12T13:35:00Z,2023-06-14T16:14:00Z,EDT,NA,NA,NA,NA
2023-06-14,TMP,Control,E3,Lysimeter Empty,2023-06-12T13:35:00Z,2023-06-14T16:14:00Z,EDT,NA,NA,NA,NA
2023-06-14,TMP,Control,F4,Lysimeter Empty,2023-06-12T13:35:00Z,2023-06-14T16:14:00Z,EDT,NA,NA,NA,NA
2023-06-14,TMP,Control,F6,Lysimeter Empty,2023-06-12T13:35:00Z,2023-06-14T16:14:00Z,EDT,NA,NA,NA,NA
2023-06-14,TMP,Control,H3,Lysimeter Empty,2023-06-12T13:35:00Z,2023-06-14T16:14:00Z,EDT,NA,NA,NA,NA
2023-06-14,TMP,Control,H6,Lysimeter Empty,2023-06-12T13:35:00Z,2023-06-14T16:14:00Z,EDT,NA,NA,NA,NA
2023-06-14,TMP,Control,I5,Lysimeter Empty,2023-06-12T13:35:00Z,2023-06-14T16:14:00Z,EDT,NA,NA,NA,NA
2023-06-14,TMP,Freshwater,B4,Lysimeter Empty,2023-06-12T13:35:00Z,2023-06-14T16:14:00Z,EDT,NA,NA,NA,NA
2023-06-14,TMP,Freshwater,C6,Lysimeter Empty,2023-06-12T13:35:00Z,2023-06-14T16:14:00Z,EDT,NA,NA,NA,NA
2023-06-14,TMP,Freshwater,E3,Lysimeter Empty,2023-06-12T13:35:00Z,2023-06-14T16:14:00Z,EDT,NA,NA,NA,NA
2023-06-14,TMP,Freshwater,F4,Lysimeter Empty,2023-06-12T13:35:00Z,2023-06-14T16:14:00Z,EDT,NA,NA,NA,NA
2023-06-14,TMP,Freshwater,F6,Lysimeter Empty,2023-06-12T13:35:00Z,2023-06-14T16:14:00Z,EDT,NA,NA,NA,NA
2023-06-14,TMP,Freshwater,H3,Lysimeter Empty,2023-06-12T13:35:00Z,2023-06-14T16:14:00Z,EDT,NA,NA,NA,NA
2023-06-14,TMP,Freshwater,H6,Lysimeter Empty,2023-06-12T13:35:00Z,2023-06-14T16:14:00Z,EDT,NA,NA,NA,NA
2023-06-14,TMP,Estuarine-water,C6,Lysimeter Empty,2023-06-12T13:35:00Z,2023-06-14T16:14:00Z,EDT,NA,NA,NA,NA
2023-06-14,TMP,Estuarine-water,F4,Lysimeter Empty,2023-06-12T13:35:00Z,2023-06-14T16:14:00Z,EDT,NA,NA,NA,NA
2023-06-14,TMP,Estuarine-water,H3,Lysimeter Empty,2023-06-12T13:35:00Z,2023-06-14T16:14:00Z,EDT,NA,NA,NA,NA
2023-06-14,TMP,Estuarine-water,I5,Lysimeter Empty,2023-06-12T13:35:00Z,2023-06-14T16:14:00Z,EDT,NA,NA,NA,NA
2023-06-17,TMP,Freshwater,I5,TMP_FW_I5_20230617,2023-06-14T19:36:00Z,2023-06-17T16:25:00Z,EDT,11.25,0.46,NA,NA
2023-06-17,TMP,Freshwater,H6,TMP_FW_H6_20230617,2023-06-14T19:49:00Z,2023-06-17T16:34:00Z,EDT,10.84,0.52,NA,NA
2023-06-17,TMP,Estuarine-water,E3,TMP_SW_E3_20230617,2023-06-14T16:57:00Z,2023-06-17T14:57:00Z,EDT,5.16,0.33,NA,NA
2023-06-17,TMP,Estuarine-water,C3,TMP_SW_C3_20230617,2023-06-14T16:01:00Z,2023-06-17T14:48:00Z,EDT,9.14,0.91,NA,NA
2023-06-17,TMP,Estuarine-water,B4,TMP_SW_B4_20230617,2023-06-14T16:14:00Z,2023-06-17T15:33:00Z,EDT,5.88,0.41,NA,NA
2023-06-17,TMP,Estuarine-water,D5,TMP_SW_D5_20230617,2023-06-14T16:28:00Z,2023-06-17T15:22:00Z,EDT,4.57,0.35,NA,NA
2023-06-17,TMP,Control,B4,Lysimeter Empty,2023-06-14T16:28:00Z,2023-06-17T15:22:00Z,EDT,NA,NA,NA,NA
2023-06-17,TMP,Control,C3,Lysimeter Empty,2023-06-14T16:28:00Z,2023-06-17T15:22:00Z,EDT,NA,NA,NA,NA
2023-06-17,TMP,Control,C6,Lysimeter Empty,2023-06-14T16:28:00Z,2023-06-17T15:22:00Z,EDT,NA,NA,NA,NA
2023-06-17,TMP,Control,D5,Lysimeter Empty,2023-06-14T16:28:00Z,2023-06-17T15:22:00Z,EDT,NA,NA,NA,NA
2023-06-17,TMP,Control,E3,Lysimeter Empty,2023-06-14T16:28:00Z,2023-06-17T15:22:00Z,EDT,NA,NA,NA,NA
2023-06-17,TMP,Control,F4,Lysimeter Empty,2023-06-14T16:28:00Z,2023-06-17T15:22:00Z,EDT,NA,NA,NA,NA
2023-06-17,TMP,Control,F6,Lysimeter Empty,2023-06-14T16:28:00Z,2023-06-17T15:22:00Z,EDT,NA,NA,NA,NA
2023-06-17,TMP,Control,H3,Lysimeter Empty,2023-06-14T16:28:00Z,2023-06-17T15:22:00Z,EDT,NA,NA,NA,NA
2023-06-17,TMP,Control,H6,Lysimeter Empty,2023-06-14T16:28:00Z,2023-06-17T15:22:00Z,EDT,NA,NA,NA,NA
2023-06-17,TMP,Control,I5,Lysimeter Empty,2023-06-14T16:28:00Z,2023-06-17T15:22:00Z,EDT,NA,NA,NA,NA
2023-06-17,TMP,Freshwater,B4,Lysimeter Empty,2023-06-14T16:28:00Z,2023-06-17T15:22:00Z,EDT,NA,NA,NA,NA
2023-06-17,TMP,Freshwater,C3,Lysimeter Empty,2023-06-14T16:28:00Z,2023-06-17T15:22:00Z,EDT,NA,NA,NA,NA
2023-06-17,TMP,Freshwater,C6,Lysimeter Empty,2023-06-14T16:28:00Z,2023-06-17T15:22:00Z,EDT,NA,NA,NA,NA
2023-06-17,TMP,Freshwater,D5,Lysimeter Empty,2023-06-14T16:28:00Z,2023-06-17T15:22:00Z,EDT,NA,NA,NA,NA
2023-06-17,TMP,Freshwater,E3,Lysimeter Empty,2023-06-14T16:28:00Z,2023-06-17T15:22:00Z,EDT,NA,NA,NA,NA
2023-06-17,TMP,Freshwater,F4,Lysimeter Empty,2023-06-14T16:28:00Z,2023-06-17T15:22:00Z,EDT,NA,NA,NA,NA
2023-06-17,TMP,Freshwater,F6,Lysimeter Empty,2023-06-14T16:28:00Z,2023-06-17T15:22:00Z,EDT,NA,NA,NA,NA
2023-06-17,TMP,Freshwater,H3,Lysimeter Empty,2023-06-14T16:28:00Z,2023-06-17T15:22:00Z,EDT,NA,NA,NA,NA
2023-06-17,TMP,Estuarine-water,C6,Lysimeter Empty,2023-06-14T16:28:00Z,2023-06-17T15:22:00Z,EDT,NA,NA,NA,NA
2023-06-17,TMP,Estuarine-water,F4,Lysimeter Empty,2023-06-14T16:28:00Z,2023-06-17T15:22:00Z,EDT,NA,NA,NA,NA
2023-06-17,TMP,Estuarine-water,F6,Lysimeter Empty,2023-06-14T16:28:00Z,2023-06-17T15:22:00Z,EDT,NA,NA,NA,NA
2023-06-17,TMP,Estuarine-water,H3,Lysimeter Empty,2023-06-14T16:28:00Z,2023-06-17T15:22:00Z,EDT,NA,NA,NA,NA
2023-06-17,TMP,Estuarine-water,H6,Lysimeter Empty,2023-06-14T16:28:00Z,2023-06-17T15:22:00Z,EDT,NA,NA,NA,NA
2023-06-17,TMP,Estuarine-water,I5,Lysimeter Empty,2023-06-14T16:28:00Z,2023-06-17T15:22:00Z,EDT,NA,NA,NA,NA
2023-06-27,TMP,Freshwater,B4,TMP_FW_B4_20230627,2023-06-23T17:04:00Z,2023-06-27T16:02:00Z,EDT,11.69,0.55,NA,NA
2023-06-27,TMP,Freshwater,E3,TMP_FW_E3_20230627,2023-06-23T17:29:00Z,2023-06-27T15:30:00Z,EDT,7.34,0.35,NA,NA
2023-06-27,TMP,Freshwater,F6,TMP_FW_F6_20230627,2023-06-23T17:26:00Z,2023-06-27T15:40:00Z,EDT,11.95,0.42,NA,NA
2023-06-27,TMP,Freshwater,I5,TMP_FW_I5_20230627,2023-06-23T17:36:00Z,2023-06-27T14:54:00Z,EDT,13.21,0.5,NA,NA
2023-06-27,TMP,Freshwater,C3,TMP_FW_C3_20230627,2023-06-23T17:06:00Z,2023-06-27T16:11:00Z,EDT,11.49,0.4,NA,NA
2023-06-27,TMP,Freshwater,H3,TMP_FW_H3_20230627,2023-06-23T17:34:00Z,2023-06-27T15:08:00Z,EDT,6.84,0.3,NA,NA
2023-06-27,TMP,Freshwater,F4,TMP_FW_F4_20230627,2023-06-23T17:32:00Z,2023-06-27T15:17:00Z,EDT,12.19,0.42,NA,NA
2023-06-27,TMP,Freshwater,D5,TMP_FW_D5_20230627,2023-06-23T17:23:00Z,2023-06-27T15:49:00Z,EDT,13.08,0.36,NA,NA
2023-06-27,TMP,Estuarine-water,C6,TMP_SW_C6_20230627,2023-06-23T16:42:00Z,2023-06-27T18:21:00Z,EDT,3.78,0.25,NA,blank is ≥ 25% of sample value
2023-06-27,TMP,Estuarine-water,D5,TMP_SW_D5_20230627,2023-06-23T16:45:00Z,2023-06-27T18:12:00Z,EDT,3.52,0.28,NA,NA
2023-06-27,TMP,Estuarine-water,B4,TMP_SW_B4_20230627,2023-06-23T16:39:00Z,2023-06-27T18:31:00Z,EDT,6.73,0.48,NA,NA
2023-06-27,TMP,Estuarine-water,C3,TMP_SW_C3_20230627,2023-06-23T16:35:00Z,2023-06-27T18:42:00Z,EDT,8.13,0.48,NA,NA
2023-06-27,TMP,Estuarine-water,F4,TMP_SW_F4_20230627,2023-06-23T16:49:00Z,2023-06-27T17:55:00Z,EDT,6.51,0.36,NA,NA
2023-06-27,TMP,Estuarine-water,H6,TMP_SW_H6_20230627,2023-06-23T16:55:00Z,2023-06-27T17:17:00Z,EDT,4.82,0.26,NA,blank is ≥ 25% of sample value
2023-06-27,TMP,Estuarine-water,H3,TMP_SW_H3_20230627,2023-06-23T16:52:00Z,2023-06-27T17:29:00Z,EDT,4.37,0.31,NA,NA
2023-06-27,TMP,Estuarine-water,E3,TMP_SW_E3_20230627,2023-06-23T16:47:00Z,2023-06-27T17:39:00Z,EDT,3.6,0.25,NA,blank is ≥ 25% of sample value
2023-06-27,TMP,Estuarine-water,F6,TMP_SW_F6_20230627,2023-06-23T16:56:00Z,2023-06-27T18:02:00Z,EDT,3.83,0.3,NA,NA
2023-06-27,TMP,Control,B4,Lysimeter Empty,2023-06-23T16:56:00Z,2023-06-27T18:02:00Z,EDT,NA,NA,NA,NA
2023-06-27,TMP,Control,C3,Lysimeter Empty,2023-06-23T16:56:00Z,2023-06-27T18:02:00Z,EDT,NA,NA,NA,NA
2023-06-27,TMP,Control,C6,Lysimeter Empty,2023-06-23T16:56:00Z,2023-06-27T18:02:00Z,EDT,NA,NA,NA,NA
2023-06-27,TMP,Control,D5,Lysimeter Empty,2023-06-23T16:56:00Z,2023-06-27T18:02:00Z,EDT,NA,NA,NA,NA
2023-06-27,TMP,Control,E3,Lysimeter Empty,2023-06-23T16:56:00Z,2023-06-27T18:02:00Z,EDT,NA,NA,NA,NA
2023-06-27,TMP,Control,F4,Lysimeter Empty,2023-06-23T16:56:00Z,2023-06-27T18:02:00Z,EDT,NA,NA,NA,NA
2023-06-27,TMP,Control,F6,Lysimeter Empty,2023-06-23T16:56:00Z,2023-06-27T18:02:00Z,EDT,NA,NA,NA,NA
2023-06-27,TMP,Control,H3,Lysimeter Empty,2023-06-23T16:56:00Z,2023-06-27T18:02:00Z,EDT,NA,NA,NA,NA
2023-06-27,TMP,Control,H6,Lysimeter Empty,2023-06-23T16:56:00Z,2023-06-27T18:02:00Z,EDT,NA,NA,NA,NA
2023-06-27,TMP,Control,I5,Lysimeter Empty,2023-06-23T16:56:00Z,2023-06-27T18:02:00Z,EDT,NA,NA,NA,NA
2023-06-27,TMP,Freshwater,C6,Lysimeter Empty,2023-06-23T16:56:00Z,2023-06-27T18:02:00Z,EDT,NA,NA,NA,NA
2023-06-27,TMP,Freshwater,H6,Lysimeter Empty,2023-06-23T16:56:00Z,2023-06-27T18:02:00Z,EDT,NA,NA,NA,NA
2023-06-27,TMP,Estuarine-water,I5,Lysimeter Empty,2023-06-23T16:56:00Z,2023-06-27T18:02:00Z,EDT,NA,NA,NA,NA
2023-06-28,TMP,Control,H6,TMP_C_H6_20230628,2023-06-23T18:18:00Z,2023-06-28T18:54:00Z,EDT,19.3,0.67,NA,NA
2023-06-28,TMP,Control,H3,TMP_C_H3_20230628,2023-06-23T18:02:00Z,2023-06-28T18:33:00Z,EDT,20.53,2.1,NA,NA
2023-06-28,TMP,Control,E3,TMP_C_E3_20230628,2023-06-23T18:06:00Z,2023-06-28T19:48:00Z,EDT,10.14,0.38,NA,NA
2023-06-28,TMP,Control,D5,TMP_C_D5_20230628,2023-06-23T18:12:00Z,2023-06-28T19:12:00Z,EDT,9.77,0.32,NA,NA
2023-06-28,TMP,Control,I5,TMP_C_I5_20230628,2023-06-23T18:21:00Z,2023-06-28T18:40:00Z,EDT,17.09,0.48,NA,NA
2023-06-28,TMP,Control,C3,TMP_C_C3_20230628,2023-06-23T15:59:00Z,2023-06-28T15:59:00Z,EDT,11.68,0.36,NA,NA
2023-06-28,TMP,Control,F6,TMP_C_F6_20230628,2023-06-23T18:15:00Z,2023-06-28T19:04:00Z,EDT,17.37,0.49,NA,NA
2023-06-28,TMP,Control,C6,TMP_C_C6_20230628,2023-06-23T16:31:00Z,2023-06-28T19:24:00Z,EDT,12.88,0.43,NA,NA
2023-06-28,TMP,Control,B4,Lysimeter Empty,2023-06-23T16:31:00Z,2023-06-28T19:24:00Z,EDT,NA,NA,NA,NA
2023-06-28,TMP,Control,F4,Lysimeter Empty,2023-06-23T16:31:00Z,2023-06-28T19:24:00Z,EDT,NA,NA,NA,NA
2023-06-28,TMP,Freshwater,B4,Lysimeter Empty,2023-06-23T16:31:00Z,2023-06-28T19:24:00Z,EDT,NA,NA,NA,NA
2023-06-28,TMP,Freshwater,C3,Lysimeter Empty,2023-06-23T16:31:00Z,2023-06-28T19:24:00Z,EDT,NA,NA,NA,NA
2023-06-28,TMP,Freshwater,C6,Lysimeter Empty,2023-06-23T16:31:00Z,2023-06-28T19:24:00Z,EDT,NA,NA,NA,NA
2023-06-28,TMP,Freshwater,D5,Lysimeter Empty,2023-06-23T16:31:00Z,2023-06-28T19:24:00Z,EDT,NA,NA,NA,NA
2023-06-28,TMP,Freshwater,E3,Lysimeter Empty,2023-06-23T16:31:00Z,2023-06-28T19:24:00Z,EDT,NA,NA,NA,NA
2023-06-28,TMP,Freshwater,F4,Lysimeter Empty,2023-06-23T16:31:00Z,2023-06-28T19:24:00Z,EDT,NA,NA,NA,NA
2023-06-28,TMP,Freshwater,F6,Lysimeter Empty,2023-06-23T16:31:00Z,2023-06-28T19:24:00Z,EDT,NA,NA,NA,NA
2023-06-28,TMP,Freshwater,H3,Lysimeter Empty,2023-06-23T16:31:00Z,2023-06-28T19:24:00Z,EDT,NA,NA,NA,NA
2023-06-28,TMP,Freshwater,H6,Lysimeter Empty,2023-06-23T16:31:00Z,2023-06-28T19:24:00Z,EDT,NA,NA,NA,NA
2023-06-28,TMP,Freshwater,I5,Lysimeter Empty,2023-06-23T16:31:00Z,2023-06-28T19:24:00Z,EDT,NA,NA,NA,NA
2023-06-28,TMP,Estuarine-water,B4,Lysimeter Empty,2023-06-23T16:31:00Z,2023-06-28T19:24:00Z,EDT,NA,NA,NA,NA
2023-06-28,TMP,Estuarine-water,C3,Lysimeter Empty,2023-06-23T16:31:00Z,2023-06-28T19:24:00Z,EDT,NA,NA,NA,NA
2023-06-28,TMP,Estuarine-water,C6,Lysimeter Empty,2023-06-23T16:31:00Z,2023-06-28T19:24:00Z,EDT,NA,NA,NA,NA
2023-06-28,TMP,Estuarine-water,D5,Lysimeter Empty,2023-06-23T16:31:00Z,2023-06-28T19:24:00Z,EDT,NA,NA,NA,NA
2023-06-28,TMP,Estuarine-water,E3,Lysimeter Empty,2023-06-23T16:31:00Z,2023-06-28T19:24:00Z,EDT,NA,NA,NA,NA
2023-06-28,TMP,Estuarine-water,F4,Lysimeter Empty,2023-06-23T16:31:00Z,2023-06-28T19:24:00Z,EDT,NA,NA,NA,NA
2023-06-28,TMP,Estuarine-water,F6,Lysimeter Empty,2023-06-23T16:31:00Z,2023-06-28T19:24:00Z,EDT,NA,NA,NA,NA
2023-06-28,TMP,Estuarine-water,H3,Lysimeter Empty,2023-06-23T16:31:00Z,2023-06-28T19:24:00Z,EDT,NA,NA,NA,NA
2023-06-28,TMP,Estuarine-water,H6,Lysimeter Empty,2023-06-23T16:31:00Z,2023-06-28T19:24:00Z,EDT,NA,NA,NA,NA
2023-06-28,TMP,Estuarine-water,I5,Lysimeter Empty,2023-06-23T16:31:00Z,2023-06-28T19:24:00Z,EDT,NA,NA,NA,NA
2023-07-07,TMP,Control,H6,TMP_C_H6_20230707,2023-07-05T16:15:00Z,2023-07-07T15:42:00Z,EDT,19.94,0.84,NA,NA
2023-07-07,TMP,Freshwater,I5,TMP_FW_I5_20230707,2023-07-05T18:16:00Z,2023-07-07T13:20:00Z,EDT,15.8,1.19,NA,NA
2023-07-07,TMP,Estuarine-water,F6,TMP_SW_F6_20230707,2023-07-05T18:30:00Z,2023-07-07T14:50:00Z,EDT,4.3,0.35,NA,NA
2023-07-07,TMP,Estuarine-water,B4,TMP_SW_B4_20230707,2023-07-05T16:39:00Z,2023-07-07T14:20:00Z,EDT,7.82,0.74,NA,NA
2023-07-07,TMP,Estuarine-water,E3,TMP_SW_E3_20230707,2023-07-05T18:35:00Z,2023-07-07T14:38:00Z,EDT,4.3,0.31,NA,blank is ≥ 25% of sample value
2023-07-07,TMP,Estuarine-water,C3,TMP_SW_C3_20230707,2023-07-05T16:35:00Z,2023-07-07T14:31:00Z,EDT,9.05,0.59,NA,NA
2023-07-07,TMP,Control,B4,Lysimeter Empty,2023-07-05T16:35:00Z,2023-07-07T14:31:00Z,EDT,NA,NA,NA,NA
2023-07-07,TMP,Control,C3,Lysimeter Empty,2023-07-05T16:35:00Z,2023-07-07T14:31:00Z,EDT,NA,NA,NA,NA
2023-07-07,TMP,Control,C6,Lysimeter Empty,2023-07-05T16:35:00Z,2023-07-07T14:31:00Z,EDT,NA,NA,NA,NA
2023-07-07,TMP,Control,D5,Lysimeter Empty,2023-07-05T16:35:00Z,2023-07-07T14:31:00Z,EDT,NA,NA,NA,NA
2023-07-07,TMP,Control,E3,Lysimeter Empty,2023-07-05T16:35:00Z,2023-07-07T14:31:00Z,EDT,NA,NA,NA,NA
2023-07-07,TMP,Control,F4,Lysimeter Empty,2023-07-05T16:35:00Z,2023-07-07T14:31:00Z,EDT,NA,NA,NA,NA
2023-07-07,TMP,Control,F6,Lysimeter Empty,2023-07-05T16:35:00Z,2023-07-07T14:31:00Z,EDT,NA,NA,NA,NA
2023-07-07,TMP,Control,H3,Lysimeter Empty,2023-07-05T16:35:00Z,2023-07-07T14:31:00Z,EDT,NA,NA,NA,NA
2023-07-07,TMP,Control,I5,Lysimeter Empty,2023-07-05T16:35:00Z,2023-07-07T14:31:00Z,EDT,NA,NA,NA,NA
2023-07-07,TMP,Freshwater,B4,Lysimeter Empty,2023-07-05T16:35:00Z,2023-07-07T14:31:00Z,EDT,NA,NA,NA,NA
2023-07-07,TMP,Freshwater,C3,Lysimeter Empty,2023-07-05T16:35:00Z,2023-07-07T14:31:00Z,EDT,NA,NA,NA,NA
2023-07-07,TMP,Freshwater,C6,Lysimeter Empty,2023-07-05T16:35:00Z,2023-07-07T14:31:00Z,EDT,NA,NA,NA,NA
2023-07-07,TMP,Freshwater,D5,Lysimeter Empty,2023-07-05T16:35:00Z,2023-07-07T14:31:00Z,EDT,NA,NA,NA,NA
2023-07-07,TMP,Freshwater,E3,Lysimeter Empty,2023-07-05T16:35:00Z,2023-07-07T14:31:00Z,EDT,NA,NA,NA,NA
2023-07-07,TMP,Freshwater,F4,Lysimeter Empty,2023-07-05T16:35:00Z,2023-07-07T14:31:00Z,EDT,NA,NA,NA,NA
2023-07-07,TMP,Freshwater,F6,Lysimeter Empty,2023-07-05T16:35:00Z,2023-07-07T14:31:00Z,EDT,NA,NA,NA,NA
2023-07-07,TMP,Freshwater,H3,Lysimeter Empty,2023-07-05T16:35:00Z,2023-07-07T14:31:00Z,EDT,NA,NA,NA,NA
2023-07-07,TMP,Freshwater,H6,Lysimeter Empty,2023-07-05T16:35:00Z,2023-07-07T14:31:00Z,EDT,NA,NA,NA,NA
2023-07-07,TMP,Estuarine-water,C6,Lysimeter Empty,2023-07-05T16:35:00Z,2023-07-07T14:31:00Z,EDT,NA,NA,NA,NA
2023-07-07,TMP,Estuarine-water,D5,Lysimeter Empty,2023-07-05T16:35:00Z,2023-07-07T14:31:00Z,EDT,NA,NA,NA,NA
2023-07-07,TMP,Estuarine-water,F4,Lysimeter Empty,2023-07-05T16:35:00Z,2023-07-07T14:31:00Z,EDT,NA,NA,NA,NA
2023-07-07,TMP,Estuarine-water,H3,Lysimeter Empty,2023-07-05T16:35:00Z,2023-07-07T14:31:00Z,EDT,NA,NA,NA,NA
2023-07-07,TMP,Estuarine-water,H6,Lysimeter Empty,2023-07-05T16:35:00Z,2023-07-07T14:31:00Z,EDT,NA,NA,NA,NA
2023-07-07,TMP,Estuarine-water,I5,Lysimeter Empty,2023-07-05T16:35:00Z,2023-07-07T14:31:00Z,EDT,NA,NA,NA,NA
2023-07-10,TMP,Control,I5,TMP_C_I5_20230710,2023-07-07T15:38:00Z,2023-07-10T17:10:00Z,EDT,19.03,0.74,NA,NA
2023-07-10,TMP,Control,H6,TMP_C_H6_20230710,2023-07-07T15:42:00Z,2023-07-10T16:55:00Z,EDT,21.17,1.2,NA,NA
2023-07-10,TMP,Freshwater,C3,TMP_FW_C3_20230710,2023-07-07T14:09:00Z,2023-07-10T15:05:00Z,EDT,13.4,0.46,NA,NA
2023-07-10,TMP,Freshwater,D5,TMP_FW_D5_20230710,2023-07-07T13:58:00Z,2023-07-10T14:55:00Z,EDT,14.07,0.52,NA,NA
2023-07-10,TMP,Freshwater,F4,TMP_FW_F4_20230710,2023-07-07T13:44:00Z,2023-07-10T14:35:00Z,EDT,14.93,0.57,NA,NA
2023-07-10,TMP,Freshwater,H6,TMP_FW_H6_20230710,2023-07-07T13:32:00Z,2023-07-10T14:25:00Z,EDT,14.53,0.68,NA,NA
2023-07-10,TMP,Control,B4,Lysimeter Empty,2023-07-07T13:32:00Z,2023-07-10T14:25:00Z,EDT,NA,NA,NA,NA
2023-07-10,TMP,Control,C3,Lysimeter Empty,2023-07-07T13:32:00Z,2023-07-10T14:25:00Z,EDT,NA,NA,NA,NA
2023-07-10,TMP,Control,C6,Lysimeter Empty,2023-07-07T13:32:00Z,2023-07-10T14:25:00Z,EDT,NA,NA,NA,NA
2023-07-10,TMP,Control,D5,Lysimeter Empty,2023-07-07T13:32:00Z,2023-07-10T14:25:00Z,EDT,NA,NA,NA,NA
2023-07-10,TMP,Control,E3,Lysimeter Empty,2023-07-07T13:32:00Z,2023-07-10T14:25:00Z,EDT,NA,NA,NA,NA
2023-07-10,TMP,Control,F4,Lysimeter Empty,2023-07-07T13:32:00Z,2023-07-10T14:25:00Z,EDT,NA,NA,NA,NA
2023-07-10,TMP,Control,F6,Lysimeter Empty,2023-07-07T13:32:00Z,2023-07-10T14:25:00Z,EDT,NA,NA,NA,NA
2023-07-10,TMP,Control,H3,Lysimeter Empty,2023-07-07T13:32:00Z,2023-07-10T14:25:00Z,EDT,NA,NA,NA,NA
2023-07-10,TMP,Freshwater,B4,Lysimeter Empty,2023-07-07T13:32:00Z,2023-07-10T14:25:00Z,EDT,NA,NA,NA,NA
2023-07-10,TMP,Freshwater,C6,Lysimeter Empty,2023-07-07T13:32:00Z,2023-07-10T14:25:00Z,EDT,NA,NA,NA,NA
2023-07-10,TMP,Freshwater,E3,Lysimeter Empty,2023-07-07T13:32:00Z,2023-07-10T14:25:00Z,EDT,NA,NA,NA,NA
2023-07-10,TMP,Freshwater,F6,Lysimeter Empty,2023-07-07T13:32:00Z,2023-07-10T14:25:00Z,EDT,NA,NA,NA,NA
2023-07-10,TMP,Freshwater,H3,Lysimeter Empty,2023-07-07T13:32:00Z,2023-07-10T14:25:00Z,EDT,NA,NA,NA,NA
2023-07-10,TMP,Freshwater,I5,Lysimeter Empty,2023-07-07T13:32:00Z,2023-07-10T14:25:00Z,EDT,NA,NA,NA,NA
2023-07-10,TMP,Estuarine-water,B4,Lysimeter Empty,2023-07-07T13:32:00Z,2023-07-10T14:25:00Z,EDT,NA,NA,NA,NA
2023-07-10,TMP,Estuarine-water,C3,Lysimeter Empty,2023-07-07T13:32:00Z,2023-07-10T14:25:00Z,EDT,NA,NA,NA,NA
2023-07-10,TMP,Estuarine-water,C6,Lysimeter Empty,2023-07-07T13:32:00Z,2023-07-10T14:25:00Z,EDT,NA,NA,NA,NA
2023-07-10,TMP,Estuarine-water,D5,Lysimeter Empty,2023-07-07T13:32:00Z,2023-07-10T14:25:00Z,EDT,NA,NA,NA,NA
2023-07-10,TMP,Estuarine-water,E3,Lysimeter Empty,2023-07-07T13:32:00Z,2023-07-10T14:25:00Z,EDT,NA,NA,NA,NA
2023-07-10,TMP,Estuarine-water,F4,Lysimeter Empty,2023-07-07T13:32:00Z,2023-07-10T14:25:00Z,EDT,NA,NA,NA,NA
2023-07-10,TMP,Estuarine-water,F6,Lysimeter Empty,2023-07-07T13:32:00Z,2023-07-10T14:25:00Z,EDT,NA,NA,NA,NA
2023-07-10,TMP,Estuarine-water,H3,Lysimeter Empty,2023-07-07T13:32:00Z,2023-07-10T14:25:00Z,EDT,NA,NA,NA,NA
2023-07-10,TMP,Estuarine-water,H6,Lysimeter Empty,2023-07-07T13:32:00Z,2023-07-10T14:25:00Z,EDT,NA,NA,NA,NA
2023-07-10,TMP,Estuarine-water,I5,Lysimeter Empty,2023-07-07T13:32:00Z,2023-07-10T14:25:00Z,EDT,NA,NA,NA,NA
2023-08-07,TMP,Control,H6,TMP_C_H6_20230807,2023-08-04T16:03:00Z,2023-08-07T15:49:00Z,EDT,16.67,0.68,NA,NA
2023-08-07,TMP,Control,H3,TMP_C_H3_20230807,2023-08-04T15:56:00Z,2023-08-07T16:00:00Z,EDT,17.57,0.6,NA,NA
2023-08-07,TMP,Freshwater,C3,TMP_FW_C3_20230807,2023-08-04T16:54:00Z,2023-08-07T13:47:00Z,EDT,13.2,0.55,NA,NA
2023-08-07,TMP,Freshwater,E3,TMP_FW_E3_20230807,2023-08-04T18:33:00Z,2023-08-07T13:41:00Z,EDT,7.22,0.42,NA,blank is ≥ 25% of sample value
2023-08-07,TMP,Freshwater,F4,TMP_FW_F4_20230807,2023-08-04T17:02:00Z,2023-08-07T13:04:00Z,EDT,12.12,0.52,NA,NA
2023-08-07,TMP,Freshwater,D5,TMP_FW_D5_20230807,2023-08-04T16:49:00Z,2023-08-07T13:20:00Z,EDT,11.97,0.48,NA,NA
2023-08-07,TMP,Freshwater,C6,TMP_FW_C6_20230807,2023-08-04T16:45:00Z,2023-08-07T13:31:00Z,EDT,7.51,0.42,NA,blank is ≥ 25% of sample value
2023-08-07,TMP,Freshwater,I5,TMP_FW_I5_20230807,2023-08-04T17:05:00Z,2023-08-07T12:45:00Z,EDT,14.73,0.64,NA,NA
2023-08-07,TMP,Estuarine-water,I5,TMP_SW_I5_20230807,2023-08-04T15:59:00Z,2023-08-07T15:59:00Z,EDT,18.75,1.55,NA,NA
2023-08-07,TMP,Estuarine-water,D5,TMP_SW_D5_20230807,2023-08-04T16:25:00Z,2023-08-07T14:44:00Z,EDT,19.92,0.66,NA,NA
2023-08-07,TMP,Estuarine-water,B4,TMP_SW_B4_20230807,2023-08-04T16:18:00Z,2023-08-07T14:58:00Z,EDT,16.93,0.7,NA,NA
2023-08-07,TMP,Estuarine-water,F6,TMP_SW_F6_20230807,2023-08-04T16:28:00Z,2023-08-07T14:37:00Z,EDT,9.42,0.43,NA,blank is ≥ 25% of sample value
2023-08-07,TMP,Estuarine-water,C6,TMP_SW_C6_20230807,2023-08-04T16:23:00Z,2023-08-07T14:53:00Z,EDT,19.99,0.88,NA,NA
2023-08-07,TMP,Estuarine-water,C3,TMP_SW_C3_20230807,2023-08-04T16:21:00Z,2023-08-07T15:04:00Z,EDT,9.68,0.58,NA,NA
2023-08-07,TMP,Estuarine-water,E3,TMP_SW_E3_20230807,2023-08-04T16:36:00Z,2023-08-07T14:25:00Z,EDT,8.31,0.41,NA,blank is ≥ 25% of sample value
2023-08-07,TMP,Control,B4,Lysimeter Empty,2023-08-04T16:36:00Z,2023-08-07T14:25:00Z,EDT,NA,NA,NA,NA
2023-08-07,TMP,Control,C3,Lysimeter Empty,2023-08-04T16:36:00Z,2023-08-07T14:25:00Z,EDT,NA,NA,NA,NA
2023-08-07,TMP,Control,C6,Lysimeter Empty,2023-08-04T16:36:00Z,2023-08-07T14:25:00Z,EDT,NA,NA,NA,NA
2023-08-07,TMP,Control,D5,Lysimeter Empty,2023-08-04T16:36:00Z,2023-08-07T14:25:00Z,EDT,NA,NA,NA,NA
2023-08-07,TMP,Control,E3,Lysimeter Empty,2023-08-04T16:36:00Z,2023-08-07T14:25:00Z,EDT,NA,NA,NA,NA
2023-08-07,TMP,Control,F4,Lysimeter Empty,2023-08-04T16:36:00Z,2023-08-07T14:25:00Z,EDT,NA,NA,NA,NA
2023-08-07,TMP,Control,F6,Lysimeter Empty,2023-08-04T16:36:00Z,2023-08-07T14:25:00Z,EDT,NA,NA,NA,NA
2023-08-07,TMP,Control,I5,Lysimeter Empty,2023-08-04T16:36:00Z,2023-08-07T14:25:00Z,EDT,NA,NA,NA,NA
2023-08-07,TMP,Freshwater,B4,Lysimeter Empty,2023-08-04T16:36:00Z,2023-08-07T14:25:00Z,EDT,NA,NA,NA,NA
2023-08-07,TMP,Freshwater,F6,Lysimeter Empty,2023-08-04T16:36:00Z,2023-08-07T14:25:00Z,EDT,NA,NA,NA,NA
2023-08-07,TMP,Freshwater,H3,Lysimeter Empty,2023-08-04T16:36:00Z,2023-08-07T14:25:00Z,EDT,NA,NA,NA,NA
2023-08-07,TMP,Freshwater,H6,Lysimeter Empty,2023-08-04T16:36:00Z,2023-08-07T14:25:00Z,EDT,NA,NA,NA,NA
2023-08-07,TMP,Estuarine-water,F4,Lysimeter Empty,2023-08-04T16:36:00Z,2023-08-07T14:25:00Z,EDT,NA,NA,NA,NA
2023-08-07,TMP,Estuarine-water,H3,Lysimeter Empty,2023-08-04T16:36:00Z,2023-08-07T14:25:00Z,EDT,NA,NA,NA,NA
2023-08-07,TMP,Estuarine-water,H6,Lysimeter Empty,2023-08-04T16:36:00Z,2023-08-07T14:25:00Z,EDT,NA,NA,NA,NA
2023-08-10,TMP,Control,H6,TMP_C_H6_20230810,2023-08-07T15:59:00Z,2023-08-10T15:59:00Z,EDT,17.54,0.65,NA,NA
2023-08-10,TMP,Control,F4,TMP_C_F4_20230810,2023-08-07T15:45:00Z,2023-08-10T14:27:00Z,EDT,19.54,0.72,NA,NA
2023-08-10,TMP,Control,D5,TMP_C_D5_20230810,2023-08-07T15:27:00Z,2023-08-10T14:49:00Z,EDT,10.96,0.43,NA,blank is ≥ 25% of sample value
2023-08-10,TMP,Control,B4,TMP_C_B4_20230810,2023-08-07T15:21:00Z,2023-08-10T15:01:00Z,EDT,14.75,0.51,NA,NA
2023-08-10,TMP,Control,E3,TMP_C_E3_20230810,2023-08-07T15:40:00Z,2023-08-10T14:36:00Z,EDT,11.71,0.45,NA,NA
2023-08-10,TMP,Control,C6,TMP_C_C6_20230810,2023-08-07T15:15:00Z,2023-08-10T14:53:00Z,EDT,15.05,0.51,NA,NA
2023-08-10,TMP,Control,I5,TMP_C_I5_20230810,2023-08-07T15:56:00Z,2023-08-10T13:57:00Z,EDT,20.34,0.6,NA,NA
2023-08-10,TMP,Control,F6,TMP_C_F6_20230810,2023-08-07T15:36:00Z,2023-08-10T14:17:00Z,EDT,22.34,0.67,NA,NA
2023-08-10,TMP,Freshwater,F6,TMP_FW_F6_20230810,2023-08-07T13:16:00Z,2023-08-10T17:07:00Z,EDT,15.04,1.61,NA,NA
2023-08-10,TMP,Freshwater,B4,TMP_FW_B4_20230810,2023-08-07T13:53:00Z,2023-08-10T17:34:00Z,EDT,14,0.55,NA,NA
2023-08-10,TMP,Freshwater,H3,TMP_FW_H3_20230810,2023-08-07T17:04:00Z,2023-08-10T17:22:00Z,EDT,9.2,0.42,NA,blank is ≥ 25% of sample value
2023-08-10,TMP,Estuarine-water,F4,TMP_SW_F4_20230810,2023-08-07T14:32:00Z,2023-08-10T15:53:00Z,EDT,37.24,1.23,NA,NA
2023-08-10,TMP,Estuarine-water,I5,TMP_SW_I5_20230810,2023-08-07T14:12:00Z,2023-08-10T16:14:00Z,EDT,48.78,1.45,NA,NA
2023-08-10,TMP,Estuarine-water,H6,TMP_SW_H6_20230810,2023-08-07T14:06:00Z,2023-08-10T16:26:00Z,EDT,49.79,1.55,NA,NA
2023-08-10,TMP,Estuarine-water,C6,TMP_SW_C6_20230810,2023-08-07T15:59:00Z,2023-08-10T15:59:00Z,EDT,46.25,1.63,NA,NA
2023-08-10,TMP,Estuarine-water,H3,TMP_SW_H3_20230810,2023-08-07T15:59:00Z,2023-08-10T15:59:00Z,EDT,40.67,1.35,NA,NA
2023-08-10,TMP,Estuarine-water,E3,TMP_SW_E3_20230810,2023-08-07T15:59:00Z,2023-08-10T15:59:00Z,EDT,29.26,1,NA,NA
2023-08-10,TMP,Control,C3,Lysimeter Empty,2023-08-07T15:59:00Z,2023-08-10T15:59:00Z,EDT,NA,NA,NA,NA
2023-08-10,TMP,Control,H3,Lysimeter Empty,2023-08-07T15:59:00Z,2023-08-10T15:59:00Z,EDT,NA,NA,NA,NA
2023-08-10,TMP,Freshwater,C3,Lysimeter Empty,2023-08-07T15:59:00Z,2023-08-10T15:59:00Z,EDT,NA,NA,NA,NA
2023-08-10,TMP,Freshwater,C6,Lysimeter Empty,2023-08-07T15:59:00Z,2023-08-10T15:59:00Z,EDT,NA,NA,NA,NA
2023-08-10,TMP,Freshwater,D5,Lysimeter Empty,2023-08-07T15:59:00Z,2023-08-10T15:59:00Z,EDT,NA,NA,NA,NA
2023-08-10,TMP,Freshwater,E3,Lysimeter Empty,2023-08-07T15:59:00Z,2023-08-10T15:59:00Z,EDT,NA,NA,NA,NA
2023-08-10,TMP,Freshwater,F4,Lysimeter Empty,2023-08-07T15:59:00Z,2023-08-10T15:59:00Z,EDT,NA,NA,NA,NA
2023-08-10,TMP,Freshwater,H6,Lysimeter Empty,2023-08-07T15:59:00Z,2023-08-10T15:59:00Z,EDT,NA,NA,NA,NA
2023-08-10,TMP,Freshwater,I5,Lysimeter Empty,2023-08-07T15:59:00Z,2023-08-10T15:59:00Z,EDT,NA,NA,NA,NA
2023-08-10,TMP,Estuarine-water,B4,Lysimeter Empty,2023-08-07T15:59:00Z,2023-08-10T15:59:00Z,EDT,NA,NA,NA,NA
2023-08-10,TMP,Estuarine-water,C3,Lysimeter Empty,2023-08-07T15:59:00Z,2023-08-10T15:59:00Z,EDT,NA,NA,NA,NA
2023-08-10,TMP,Estuarine-water,D5,Lysimeter Empty,2023-08-07T15:59:00Z,2023-08-10T15:59:00Z,EDT,NA,NA,NA,NA
2023-08-10,TMP,Estuarine-water,F6,Lysimeter Empty,2023-08-07T15:59:00Z,2023-08-10T15:59:00Z,EDT,NA,NA,NA,NA
2023-10-02,TMP,Freshwater,H3,TMP_FW_H3_20231002,2023-09-29T19:48:00Z,2023-10-02T13:51:00Z,EDT,9.29,0.48,NA,NA
2023-10-02,TMP,Estuarine-water,D5,TMP_SW_D5_20231002,2023-09-29T15:22:00Z,2023-10-02T15:23:00Z,EDT,23.07,0.75,NA,NA
2023-10-02,TMP,Estuarine-water,F6,TMP_SW_F6_20231002,2023-09-29T19:25:00Z,2023-10-02T15:16:00Z,EDT,30.33,1.11,NA,NA
2023-10-02,TMP,Estuarine-water,H3,TMP_SW_H3_20231002,2023-09-29T15:28:00Z,2023-10-02T14:55:00Z,EDT,53.81,1.86,NA,NA
2023-10-02,TMP,Estuarine-water,C3,TMP_SW_C3_20231002,2023-09-29T15:13:00Z,2023-10-02T15:38:00Z,EDT,12.36,0.7,NA,NA
2023-10-02,TMP,Control,B4,Lysimeter Empty,2023-09-29T15:13:00Z,2023-10-02T15:38:00Z,EDT,NA,NA,NA,NA
2023-10-02,TMP,Control,C3,Lysimeter Empty,2023-09-29T15:13:00Z,2023-10-02T15:38:00Z,EDT,NA,NA,NA,NA
2023-10-02,TMP,Control,C6,Lysimeter Empty,2023-09-29T15:13:00Z,2023-10-02T15:38:00Z,EDT,NA,NA,NA,NA
2023-10-02,TMP,Control,D5,Lysimeter Empty,2023-09-29T15:13:00Z,2023-10-02T15:38:00Z,EDT,NA,NA,NA,NA
2023-10-02,TMP,Control,E3,Lysimeter Empty,2023-09-29T15:13:00Z,2023-10-02T15:38:00Z,EDT,NA,NA,NA,NA
2023-10-02,TMP,Control,F4,Lysimeter Empty,2023-09-29T15:13:00Z,2023-10-02T15:38:00Z,EDT,NA,NA,NA,NA
2023-10-02,TMP,Control,F6,Lysimeter Empty,2023-09-29T15:13:00Z,2023-10-02T15:38:00Z,EDT,NA,NA,NA,NA
2023-10-02,TMP,Control,H3,Lysimeter Empty,2023-09-29T15:13:00Z,2023-10-02T15:38:00Z,EDT,NA,NA,NA,NA
2023-10-02,TMP,Control,H6,Lysimeter Empty,2023-09-29T15:13:00Z,2023-10-02T15:38:00Z,EDT,NA,NA,NA,NA
2023-10-02,TMP,Control,I5,Lysimeter Empty,2023-09-29T15:13:00Z,2023-10-02T15:38:00Z,EDT,NA,NA,NA,NA
2023-10-02,TMP,Freshwater,B4,Lysimeter Empty,2023-09-29T15:13:00Z,2023-10-02T15:38:00Z,EDT,NA,NA,NA,NA
2023-10-02,TMP,Freshwater,C3,Lysimeter Empty,2023-09-29T15:13:00Z,2023-10-02T15:38:00Z,EDT,NA,NA,NA,NA
2023-10-02,TMP,Freshwater,C6,Lysimeter Empty,2023-09-29T15:13:00Z,2023-10-02T15:38:00Z,EDT,NA,NA,NA,NA
2023-10-02,TMP,Freshwater,D5,Lysimeter Empty,2023-09-29T15:13:00Z,2023-10-02T15:38:00Z,EDT,NA,NA,NA,NA
2023-10-02,TMP,Freshwater,E3,Lysimeter Empty,2023-09-29T15:13:00Z,2023-10-02T15:38:00Z,EDT,NA,NA,NA,NA
2023-10-02,TMP,Freshwater,F4,Lysimeter Empty,2023-09-29T15:13:00Z,2023-10-02T15:38:00Z,EDT,NA,NA,NA,NA
2023-10-02,TMP,Freshwater,F6,Lysimeter Empty,2023-09-29T15:13:00Z,2023-10-02T15:38:00Z,EDT,NA,NA,NA,NA
2023-10-02,TMP,Freshwater,H6,Lysimeter Empty,2023-09-29T15:13:00Z,2023-10-02T15:38:00Z,EDT,NA,NA,NA,NA
2023-10-02,TMP,Freshwater,I5,Lysimeter Empty,2023-09-29T15:13:00Z,2023-10-02T15:38:00Z,EDT,NA,NA,NA,NA
2023-10-02,TMP,Estuarine-water,B4,Lysimeter Empty,2023-09-29T15:13:00Z,2023-10-02T15:38:00Z,EDT,NA,NA,NA,NA
2023-10-02,TMP,Estuarine-water,C6,Lysimeter Empty,2023-09-29T15:13:00Z,2023-10-02T15:38:00Z,EDT,NA,NA,NA,NA
2023-10-02,TMP,Estuarine-water,E3,Lysimeter Empty,2023-09-29T15:13:00Z,2023-10-02T15:38:00Z,EDT,NA,NA,NA,NA
2023-10-02,TMP,Estuarine-water,F4,Lysimeter Empty,2023-09-29T15:13:00Z,2023-10-02T15:38:00Z,EDT,NA,NA,NA,NA
2023-10-02,TMP,Estuarine-water,H6,Lysimeter Empty,2023-09-29T15:13:00Z,2023-10-02T15:38:00Z,EDT,NA,NA,NA,NA
2023-10-02,TMP,Estuarine-water,I5,Lysimeter Empty,2023-09-29T15:13:00Z,2023-10-02T15:38:00Z,EDT,NA,NA,NA,NA
2023-10-05,TMP,Control,I5,TMP_C_I5_20231005,2023-10-02T15:59:00Z,2023-10-05T15:59:00Z,EDT,13.19,0.43,NA,NA
2023-10-05,TMP,Freshwater,I5,TMP_FW_I5_20231005,2023-10-02T13:33:00Z,2023-10-05T14:37:00Z,EDT,25.54,2.69,NA,NA
2023-10-05,TMP,Control,B4,Lysimeter Empty,2023-10-02T13:33:00Z,2023-10-05T14:37:00Z,EDT,NA,NA,NA,NA
2023-10-05,TMP,Control,C3,Lysimeter Empty,2023-10-02T13:33:00Z,2023-10-05T14:37:00Z,EDT,NA,NA,NA,NA
2023-10-05,TMP,Control,C6,Lysimeter Empty,2023-10-02T13:33:00Z,2023-10-05T14:37:00Z,EDT,NA,NA,NA,NA
2023-10-05,TMP,Control,D5,Lysimeter Empty,2023-10-02T13:33:00Z,2023-10-05T14:37:00Z,EDT,NA,NA,NA,NA
2023-10-05,TMP,Control,E3,Lysimeter Empty,2023-10-02T13:33:00Z,2023-10-05T14:37:00Z,EDT,NA,NA,NA,NA
2023-10-05,TMP,Control,F4,Lysimeter Empty,2023-10-02T13:33:00Z,2023-10-05T14:37:00Z,EDT,NA,NA,NA,NA
2023-10-05,TMP,Control,F6,Lysimeter Empty,2023-10-02T13:33:00Z,2023-10-05T14:37:00Z,EDT,NA,NA,NA,NA
2023-10-05,TMP,Control,H3,Lysimeter Empty,2023-10-02T13:33:00Z,2023-10-05T14:37:00Z,EDT,NA,NA,NA,NA
2023-10-05,TMP,Control,H6,Lysimeter Empty,2023-10-02T13:33:00Z,2023-10-05T14:37:00Z,EDT,NA,NA,NA,NA
2023-10-05,TMP,Freshwater,B4,Lysimeter Empty,2023-10-02T13:33:00Z,2023-10-05T14:37:00Z,EDT,NA,NA,NA,NA
2023-10-05,TMP,Freshwater,C3,Lysimeter Empty,2023-10-02T13:33:00Z,2023-10-05T14:37:00Z,EDT,NA,NA,NA,NA
2023-10-05,TMP,Freshwater,C6,Lysimeter Empty,2023-10-02T13:33:00Z,2023-10-05T14:37:00Z,EDT,NA,NA,NA,NA
2023-10-05,TMP,Freshwater,D5,Lysimeter Empty,2023-10-02T13:33:00Z,2023-10-05T14:37:00Z,EDT,NA,NA,NA,NA
2023-10-05,TMP,Freshwater,E3,Lysimeter Empty,2023-10-02T13:33:00Z,2023-10-05T14:37:00Z,EDT,NA,NA,NA,NA
2023-10-05,TMP,Freshwater,F4,Lysimeter Empty,2023-10-02T13:33:00Z,2023-10-05T14:37:00Z,EDT,NA,NA,NA,NA
2023-10-05,TMP,Freshwater,F6,Lysimeter Empty,2023-10-02T13:33:00Z,2023-10-05T14:37:00Z,EDT,NA,NA,NA,NA
2023-10-05,TMP,Freshwater,H3,Lysimeter Empty,2023-10-02T13:33:00Z,2023-10-05T14:37:00Z,EDT,NA,NA,NA,NA
2023-10-05,TMP,Freshwater,H6,Lysimeter Empty,2023-10-02T13:33:00Z,2023-10-05T14:37:00Z,EDT,NA,NA,NA,NA
2023-10-05,TMP,Estuarine-water,B4,Lysimeter Empty,2023-10-02T13:33:00Z,2023-10-05T14:37:00Z,EDT,NA,NA,NA,NA
2023-10-05,TMP,Estuarine-water,C3,Lysimeter Empty,2023-10-02T13:33:00Z,2023-10-05T14:37:00Z,EDT,NA,NA,NA,NA
2023-10-05,TMP,Estuarine-water,C6,Lysimeter Empty,2023-10-02T13:33:00Z,2023-10-05T14:37:00Z,EDT,NA,NA,NA,NA
2023-10-05,TMP,Estuarine-water,D5,Lysimeter Empty,2023-10-02T13:33:00Z,2023-10-05T14:37:00Z,EDT,NA,NA,NA,NA
2023-10-05,TMP,Estuarine-water,E3,Lysimeter Empty,2023-10-02T13:33:00Z,2023-10-05T14:37:00Z,EDT,NA,NA,NA,NA
2023-10-05,TMP,Estuarine-water,F4,Lysimeter Empty,2023-10-02T13:33:00Z,2023-10-05T14:37:00Z,EDT,NA,NA,NA,NA
2023-10-05,TMP,Estuarine-water,F6,Lysimeter Empty,2023-10-02T13:33:00Z,2023-10-05T14:37:00Z,EDT,NA,NA,NA,NA
2023-10-05,TMP,Estuarine-water,H3,Lysimeter Empty,2023-10-02T13:33:00Z,2023-10-05T14:37:00Z,EDT,NA,NA,NA,NA
2023-10-05,TMP,Estuarine-water,H6,Lysimeter Empty,2023-10-02T13:33:00Z,2023-10-05T14:37:00Z,EDT,NA,NA,NA,NA
2023-10-05,TMP,Estuarine-water,I5,Lysimeter Empty,2023-10-02T13:33:00Z,2023-10-05T14:37:00Z,EDT,NA,NA,NA,NA
2023-11-16,TMP,Estuarine-water,F6,TMP_SW_F6_20231116,2023-11-13T16:52:00Z,2023-11-16T16:48:00Z,EST,20.01,0.93,NA,NA
2023-11-16,TMP,Control,B4,Lysimeter Empty,2023-11-13T16:52:00Z,2023-11-16T16:48:00Z,EST,NA,NA,NA,NA
2023-11-16,TMP,Control,C3,Lysimeter Empty,2023-11-13T16:52:00Z,2023-11-16T16:48:00Z,EST,NA,NA,NA,NA
2023-11-16,TMP,Control,C6,Lysimeter Empty,2023-11-13T16:52:00Z,2023-11-16T16:48:00Z,EST,NA,NA,NA,NA
2023-11-16,TMP,Control,D5,Lysimeter Empty,2023-11-13T16:52:00Z,2023-11-16T16:48:00Z,EST,NA,NA,NA,NA
2023-11-16,TMP,Control,E3,Lysimeter Empty,2023-11-13T16:52:00Z,2023-11-16T16:48:00Z,EST,NA,NA,NA,NA
2023-11-16,TMP,Control,F4,Lysimeter Empty,2023-11-13T16:52:00Z,2023-11-16T16:48:00Z,EST,NA,NA,NA,NA
2023-11-16,TMP,Control,F6,Lysimeter Empty,2023-11-13T16:52:00Z,2023-11-16T16:48:00Z,EST,NA,NA,NA,NA
2023-11-16,TMP,Control,H3,Lysimeter Empty,2023-11-13T16:52:00Z,2023-11-16T16:48:00Z,EST,NA,NA,NA,NA
2023-11-16,TMP,Control,H6,Lysimeter Empty,2023-11-13T16:52:00Z,2023-11-16T16:48:00Z,EST,NA,NA,NA,NA
2023-11-16,TMP,Control,I5,Lysimeter Empty,2023-11-13T16:52:00Z,2023-11-16T16:48:00Z,EST,NA,NA,NA,NA
2023-11-16,TMP,Freshwater,B4,Lysimeter Empty,2023-11-13T16:52:00Z,2023-11-16T16:48:00Z,EST,NA,NA,NA,NA
2023-11-16,TMP,Freshwater,C3,Lysimeter Empty,2023-11-13T16:52:00Z,2023-11-16T16:48:00Z,EST,NA,NA,NA,NA
2023-11-16,TMP,Freshwater,C6,Lysimeter Empty,2023-11-13T16:52:00Z,2023-11-16T16:48:00Z,EST,NA,NA,NA,NA
2023-11-16,TMP,Freshwater,D5,Lysimeter Empty,2023-11-13T16:52:00Z,2023-11-16T16:48:00Z,EST,NA,NA,NA,NA
2023-11-16,TMP,Freshwater,E3,Lysimeter Empty,2023-11-13T16:52:00Z,2023-11-16T16:48:00Z,EST,NA,NA,NA,NA
2023-11-16,TMP,Freshwater,F4,Lysimeter Empty,2023-11-13T16:52:00Z,2023-11-16T16:48:00Z,EST,NA,NA,NA,NA
2023-11-16,TMP,Freshwater,F6,Lysimeter Empty,2023-11-13T16:52:00Z,2023-11-16T16:48:00Z,EST,NA,NA,NA,NA
2023-11-16,TMP,Freshwater,H3,Lysimeter Empty,2023-11-13T16:52:00Z,2023-11-16T16:48:00Z,EST,NA,NA,NA,NA
2023-11-16,TMP,Freshwater,H6,Lysimeter Empty,2023-11-13T16:52:00Z,2023-11-16T16:48:00Z,EST,NA,NA,NA,NA
2023-11-16,TMP,Freshwater,I5,Lysimeter Empty,2023-11-13T16:52:00Z,2023-11-16T16:48:00Z,EST,NA,NA,NA,NA
2023-11-16,TMP,Estuarine-water,B4,Lysimeter Empty,2023-11-13T16:52:00Z,2023-11-16T16:48:00Z,EST,NA,NA,NA,NA
2023-11-16,TMP,Estuarine-water,C3,Lysimeter Empty,2023-11-13T16:52:00Z,2023-11-16T16:48:00Z,EST,NA,NA,NA,NA
2023-11-16,TMP,Estuarine-water,C6,Lysimeter Empty,2023-11-13T16:52:00Z,2023-11-16T16:48:00Z,EST,NA,NA,NA,NA
2023-11-16,TMP,Estuarine-water,D5,Lysimeter Empty,2023-11-13T16:52:00Z,2023-11-16T16:48:00Z,EST,NA,NA,NA,NA
2023-11-16,TMP,Estuarine-water,E3,Lysimeter Empty,2023-11-13T16:52:00Z,2023-11-16T16:48:00Z,EST,NA,NA,NA,NA
2023-11-16,TMP,Estuarine-water,F4,Lysimeter Empty,2023-11-13T16:52:00Z,2023-11-16T16:48:00Z,EST,NA,NA,NA,NA
2023-11-16,TMP,Estuarine-water,H3,Lysimeter Empty,2023-11-13T16:52:00Z,2023-11-16T16:48:00Z,EST,NA,NA,NA,NA
2023-11-16,TMP,Estuarine-water,H6,Lysimeter Empty,2023-11-13T16:52:00Z,2023-11-16T16:48:00Z,EST,NA,NA,NA,NA
2023-11-16,TMP,Estuarine-water,I5,Lysimeter Empty,2023-11-13T16:52:00Z,2023-11-16T16:48:00Z,EST,NA,NA,NA,NA
2023-12-08,TMP,Control,I5,TMP_C_I5_20231208,2023-12-05T14:50:00Z,2023-12-08T14:49:00Z,EST,17.68,0.51,NA,NA
2023-12-08,TMP,Freshwater,F6,TMP_FW_F6_20231208,2023-12-05T16:26:00Z,2023-12-08T17:08:00Z,EST,14.66,0.45,NA,NA
2023-12-08,TMP,Freshwater,D5,TMP_FW_D5_20231208,2023-12-05T16:07:00Z,2023-12-08T16:26:00Z,EST,11.31,0.35,NA,NA
2023-12-08,TMP,Freshwater,H3,TMP_FW_H3_20231208,2023-12-05T16:17:00Z,2023-12-08T16:48:00Z,EST,8.48,0.29,NA,NA
2023-12-08,TMP,Freshwater,I5,TMP_FW_I5_20231208,2023-12-05T16:22:00Z,2023-12-08T16:56:00Z,EST,16.98,0.57,NA,NA
2023-12-08,TMP,Estuarine-water,B4,TMP_SW_B4_20231208,2023-12-05T15:38:00Z,2023-12-08T15:31:00Z,EST,86.41,1.97,NA,NA
2023-12-08,TMP,Estuarine-water,H3,TMP_SW_H3_20231208,2023-12-05T15:57:00Z,2023-12-08T17:13:00Z,EST,26.05,0.79,NA,NA
2023-12-08,TMP,Estuarine-water,F6,TMP_SW_F6_20231208,2023-12-05T15:46:00Z,2023-12-08T15:49:00Z,EST,38.61,1.23,NA,NA
2023-12-08,TMP,Control,B4,Lysimeter Empty,2023-12-05T15:46:00Z,2023-12-08T15:49:00Z,EST,NA,NA,NA,NA
2023-12-08,TMP,Control,C3,Lysimeter Empty,2023-12-05T15:46:00Z,2023-12-08T15:49:00Z,EST,NA,NA,NA,NA
2023-12-08,TMP,Control,C6,Lysimeter Empty,2023-12-05T15:46:00Z,2023-12-08T15:49:00Z,EST,NA,NA,NA,NA
2023-12-08,TMP,Control,D5,Lysimeter Empty,2023-12-05T15:46:00Z,2023-12-08T15:49:00Z,EST,NA,NA,NA,NA
2023-12-08,TMP,Control,E3,Lysimeter Empty,2023-12-05T15:46:00Z,2023-12-08T15:49:00Z,EST,NA,NA,NA,NA
2023-12-08,TMP,Control,F4,Lysimeter Empty,2023-12-05T15:46:00Z,2023-12-08T15:49:00Z,EST,NA,NA,NA,NA
2023-12-08,TMP,Control,F6,Lysimeter Empty,2023-12-05T15:46:00Z,2023-12-08T15:49:00Z,EST,NA,NA,NA,NA
2023-12-08,TMP,Control,H3,Lysimeter Empty,2023-12-05T15:46:00Z,2023-12-08T15:49:00Z,EST,NA,NA,NA,NA
2023-12-08,TMP,Control,H6,Lysimeter Empty,2023-12-05T15:46:00Z,2023-12-08T15:49:00Z,EST,NA,NA,NA,NA
2023-12-08,TMP,Freshwater,B4,Lysimeter Empty,2023-12-05T15:46:00Z,2023-12-08T15:49:00Z,EST,NA,NA,NA,NA
2023-12-08,TMP,Freshwater,C3,Lysimeter Empty,2023-12-05T15:46:00Z,2023-12-08T15:49:00Z,EST,NA,NA,NA,NA
2023-12-08,TMP,Freshwater,C6,Lysimeter Empty,2023-12-05T15:46:00Z,2023-12-08T15:49:00Z,EST,NA,NA,NA,NA
2023-12-08,TMP,Freshwater,E3,Lysimeter Empty,2023-12-05T15:46:00Z,2023-12-08T15:49:00Z,EST,NA,NA,NA,NA
2023-12-08,TMP,Freshwater,F4,Lysimeter Empty,2023-12-05T15:46:00Z,2023-12-08T15:49:00Z,EST,NA,NA,NA,NA
2023-12-08,TMP,Freshwater,H6,Lysimeter Empty,2023-12-05T15:46:00Z,2023-12-08T15:49:00Z,EST,NA,NA,NA,NA
2023-12-08,TMP,Estuarine-water,C3,Lysimeter Empty,2023-12-05T15:46:00Z,2023-12-08T15:49:00Z,EST,NA,NA,NA,NA
2023-12-08,TMP,Estuarine-water,C6,Lysimeter Empty,2023-12-05T15:46:00Z,2023-12-08T15:49:00Z,EST,NA,NA,NA,NA
2023-12-08,TMP,Estuarine-water,D5,Lysimeter Empty,2023-12-05T15:46:00Z,2023-12-08T15:49:00Z,EST,NA,NA,NA,NA
2023-12-08,TMP,Estuarine-water,E3,Lysimeter Empty,2023-12-05T15:46:00Z,2023-12-08T15:49:00Z,EST,NA,NA,NA,NA
2023-12-08,TMP,Estuarine-water,F4,Lysimeter Empty,2023-12-05T15:46:00Z,2023-12-08T15:49:00Z,EST,NA,NA,NA,NA
2023-12-08,TMP,Estuarine-water,H6,Lysimeter Empty,2023-12-05T15:46:00Z,2023-12-08T15:49:00Z,EST,NA,NA,NA,NA
2023-12-08,TMP,Estuarine-water,I5,Lysimeter Empty,2023-12-05T15:46:00Z,2023-12-08T15:49:00Z,EST,NA,NA,NA,NA
2023-12-11,TMP,Control,B4,TMP_C_B4_20231211,2023-12-08T15:12:00Z,2023-12-11T15:43:00Z,EST,23.49,0.92,NA,NA
2023-12-11,TMP,Control,H6,TMP_C_H6_20231211,2023-12-08T15:00:00Z,2023-12-11T15:23:00Z,EST,11.97,0.4,NA,NA
2023-12-11,TMP,Control,H3,TMP_C_H3_20231211,2023-12-08T14:46:00Z,2023-12-11T15:06:00Z,EST,20.84,0.77,NA,NA
2023-12-11,TMP,Freshwater,F4,TMP_FW_F4_20231211,2023-12-08T16:44:00Z,2023-12-11T18:18:00Z,EST,15.21,0.44,NA,NA
2023-12-11,TMP,Estuarine-water,F6,TMP_SW_F6_20231211,2023-12-08T15:49:00Z,2023-12-11T17:02:00Z,EST,34.86,1.09,NA,NA
2023-12-11,TMP,Estuarine-water,B4,TMP_SW_B4_20231211,2023-12-08T15:31:00Z,2023-12-11T16:49:00Z,EST,51.56,1.22,NA,NA
2023-12-11,TMP,Estuarine-water,C6,TMP_SW_C6_20231211,2023-12-08T16:59:00Z,2023-12-11T16:59:00Z,EST,12.3,0.56,NA,NA
2023-12-11,TMP,Estuarine-water,C3,TMP_SW_C3_20231211,2023-12-08T15:25:00Z,2023-12-11T16:45:00Z,EST,34.13,2.19,NA,NA
2023-12-11,TMP,Estuarine-water,D5,TMP_SW_D5_20231211,2023-12-08T15:43:00Z,2023-12-11T16:58:00Z,EST,32.69,0.98,NA,NA
2023-12-11,TMP,Control,C3,Lysimeter Empty,2023-12-08T15:43:00Z,2023-12-11T16:58:00Z,EST,NA,NA,NA,NA
2023-12-11,TMP,Control,C6,Lysimeter Empty,2023-12-08T15:43:00Z,2023-12-11T16:58:00Z,EST,NA,NA,NA,NA
2023-12-11,TMP,Control,D5,Lysimeter Empty,2023-12-08T15:43:00Z,2023-12-11T16:58:00Z,EST,NA,NA,NA,NA
2023-12-11,TMP,Control,E3,Lysimeter Empty,2023-12-08T15:43:00Z,2023-12-11T16:58:00Z,EST,NA,NA,NA,NA
2023-12-11,TMP,Control,F4,Lysimeter Empty,2023-12-08T15:43:00Z,2023-12-11T16:58:00Z,EST,NA,NA,NA,NA
2023-12-11,TMP,Control,F6,Lysimeter Empty,2023-12-08T15:43:00Z,2023-12-11T16:58:00Z,EST,NA,NA,NA,NA
2023-12-11,TMP,Control,I5,Lysimeter Empty,2023-12-08T15:43:00Z,2023-12-11T16:58:00Z,EST,NA,NA,NA,NA
2023-12-11,TMP,Freshwater,B4,Lysimeter Empty,2023-12-08T15:43:00Z,2023-12-11T16:58:00Z,EST,NA,NA,NA,NA
2023-12-11,TMP,Freshwater,C3,Lysimeter Empty,2023-12-08T15:43:00Z,2023-12-11T16:58:00Z,EST,NA,NA,NA,NA
2023-12-11,TMP,Freshwater,C6,Lysimeter Empty,2023-12-08T15:43:00Z,2023-12-11T16:58:00Z,EST,NA,NA,NA,NA
2023-12-11,TMP,Freshwater,D5,Lysimeter Empty,2023-12-08T15:43:00Z,2023-12-11T16:58:00Z,EST,NA,NA,NA,NA
2023-12-11,TMP,Freshwater,E3,Lysimeter Empty,2023-12-08T15:43:00Z,2023-12-11T16:58:00Z,EST,NA,NA,NA,NA
2023-12-11,TMP,Freshwater,F6,Lysimeter Empty,2023-12-08T15:43:00Z,2023-12-11T16:58:00Z,EST,NA,NA,NA,NA
2023-12-11,TMP,Freshwater,H3,Lysimeter Empty,2023-12-08T15:43:00Z,2023-12-11T16:58:00Z,EST,NA,NA,NA,NA
2023-12-11,TMP,Freshwater,H6,Lysimeter Empty,2023-12-08T15:43:00Z,2023-12-11T16:58:00Z,EST,NA,NA,NA,NA
2023-12-11,TMP,Freshwater,I5,Lysimeter Empty,2023-12-08T15:43:00Z,2023-12-11T16:58:00Z,EST,NA,NA,NA,NA
2023-12-11,TMP,Estuarine-water,E3,Lysimeter Empty,2023-12-08T15:43:00Z,2023-12-11T16:58:00Z,EST,NA,NA,NA,NA
2023-12-11,TMP,Estuarine-water,F4,Lysimeter Empty,2023-12-08T15:43:00Z,2023-12-11T16:58:00Z,EST,NA,NA,NA,NA
2023-12-11,TMP,Estuarine-water,H3,Lysimeter Empty,2023-12-08T15:43:00Z,2023-12-11T16:58:00Z,EST,NA,NA,NA,NA
2023-12-11,TMP,Estuarine-water,H6,Lysimeter Empty,2023-12-08T15:43:00Z,2023-12-11T16:58:00Z,EST,NA,NA,NA,NA
2023-12-11,TMP,Estuarine-water,I5,Lysimeter Empty,2023-12-08T15:43:00Z,2023-12-11T16:58:00Z,EST,NA,NA,NA,NA
