Project,Sample_ID,Volume_mL,Vial_ID,Deployment_Date_YYYYMMDD,Deployment_Time_24hrs,Collection_Date_YYYYMMDD,Collection_Time_24hrs,EST/EDT,Notes:
COMPASS: TEMPEST,TMP_Source_Rainwater_C_SO4_20241212,5,,20241210,1430,20241212,930,EST,Sub-sampled 20241217
COMPASS: TEMPEST,TMP_Source_Rainwater_C_FE_20241212,6,,20241210,1430,20241212,930,EST,Sub-sampled 20241217
COMPASS: TEMPEST,TMP_Source_Rainwater_C_DOC_20241212,11,,20241210,1430,20241212,930,EST,Sub-sampled 20241217
COMPASS: TEMPEST,TMP_Source_Rainwater_C_NUTR_20241212,8,,20241210,1430,20241212,930,EST,Sub-sampled 20241217
COMPASS: TEMPEST,TMP_Source_Rainwater_C_ISO_20241212,2,,20241210,1430,20241212,930,EST,Sub-sampled 20241217
COMPASS: TEMPEST,TMP_Source_Rainwater_FW_SO4_20241212,5,,20241210,1145,20241212,930,EST,Sub-sampled 20241217
COMPASS: TEMPEST,TMP_Source_Rainwater_FW_FE_20241212,6,,20241210,1145,20241212,930,EST,Sub-sampled 20241217
COMPASS: TEMPEST,TMP_Source_Rainwater_FW_DOC_20241212,10,,20241210,1145,20241212,930,EST,Sub-sampled 20241217
COMPASS: TEMPEST,TMP_Source_Rainwater_FW_NUTR_20241212,8,,20241210,1145,20241212,930,EST,Sub-sampled 20241217
COMPASS: TEMPEST,TMP_Source_Rainwater_FW_ISO_20241212,2,,20241210,1145,20241212,930,EST,Sub-sampled 20241217
COMPASS: TEMPEST,TMP_Source_Rainwater_SW_SO4_20241212,5,,20241210,1200,20241212,930,EST,Sub-sampled 20241217
COMPASS: TEMPEST,TMP_Source_Rainwater_SW_FE_20241212,6,,20241210,1200,20241212,930,EST,Sub-sampled 20241217
COMPASS: TEMPEST,TMP_Source_Rainwater_SW_DOC_20241212,10,,20241210,1200,20241212,930,EST,Sub-sampled 20241217
COMPASS: TEMPEST,TMP_Source_Rainwater_SW_NUTR_20241212,6,,20241210,1200,20241212,930,EST,Sub-sampled 20241217
COMPASS: TEMPEST,TMP_Source_Rainwater_SW_ISO_20241212,2,,20241210,1200,20241212,930,EST,Sub-sampled 20241217
COMPASS: TEMPEST,TMP_Source_Estuary_SO4_20240613_AM,5,Source_Estuary_SO4_20240613_AM,NA,NA,20240613,1033,EDT,high tide
COMPASS: TEMPEST,TMP_Source_Estuary_FE_20240613_AM,6,Source_Estuary_FE_20240613_AM,NA,NA,20240613,1033,EDT,high tide
COMPASS: TEMPEST,TMP_Source_Estuary_DOC_20240613_AM,20,Source_Estuary_DOC_20240613_AM,NA,NA,20240613,1033,EDT,high tide
COMPASS: TEMPEST,TMP_Source_Estuary_NUTR_20240613_AM,8,Source_Estuary_NUTR_20240613_AM,NA,NA,20240613,1033,EDT,high tide
COMPASS: TEMPEST,TMP_Source_Estuary_CDOM_20240613_AM,9,Source_Estuary_CDOM_20240613_AM,NA,NA,20240613,1033,EDT,high tide
COMPASS: TEMPEST,TMP_Source_Estuary_ISO_20240613_AM,40,Source_Estuary_ISO_20240613_AM,NA,NA,20240613,1033,EDT,high tide
COMPASS: TEMPEST,TMP_Source_Estuary_SPE_20240613_AM,250,Source_Estuary_SPE_20240613_AM,NA,NA,20240613,1033,EDT,high tide
COMPASS: TEMPEST,TMP_Source_Estuary_SO4_20240613_PM,5,Source_Estuary_SO4_20240613_PM,NA,NA,20240613,1657,EDT,low tide
COMPASS: TEMPEST,TMP_Source_Estuary_FE_20240613_PM,6,Source_Estuary_FE_20240613_PM,NA,NA,20240613,1657,EDT,low tide
COMPASS: TEMPEST,TMP_Source_Estuary_DOC_20240613_PM,20,Source_Estuary_DOC_20240613_PM,NA,NA,20240613,1657,EDT,low tide
COMPASS: TEMPEST,TMP_Source_Estuary_NUTR_20240613_PM,8,Source_Estuary_NUTR_20240613_PM,NA,NA,20240613,1657,EDT,low tide
COMPASS: TEMPEST,TMP_Source_Estuary_CDOM_20240613_PM,9,Source_Estuary_CDOM_20240613_PM,NA,NA,20240613,1657,EDT,low tide
COMPASS: TEMPEST,TMP_Source_Estuary_ISO_20240613_PM,40,Source_Estuary_ISO_20240613_PM,NA,NA,20240613,1657,EDT,low tide
COMPASS: TEMPEST,TMP_Source_Estuary_SPE_20240613_PM,250,Source_Estuary_SPE_20240613_PM,NA,NA,20240613,1657,EDT,low tide
COMPASS: TEMPEST,TMP_Source_FW_SO4_20240613_AM,5,Source_FW_SO4_20240613_AM,NA,NA,20240613,853,EDT,
COMPASS: TEMPEST,TMP_Source_FW_FE_20240613_AM,6,Source_FW_FE_20240613_AM,NA,NA,20240613,853,EDT,
COMPASS: TEMPEST,TMP_Source_FW_DOC_20240613_AM,20,Source_FW_DOC_20240613_AM,NA,NA,20240613,853,EDT,
COMPASS: TEMPEST,TMP_Source_FW_NUTR_20240613_AM,8,Source_FW_NUTR_20240613_AM,NA,NA,20240613,853,EDT,.
COMPASS: TEMPEST,TMP_Source_FW_CDOM_20240613_AM,9,Source_FW_CDOM_20240613_AM,NA,NA,20240613,853,EDT,
COMPASS: TEMPEST,TMP_Source_FW_ISO_20240613_AM,40,Source_FW_ISO_20240613_AM,NA,NA,20240613,853,EDT,
COMPASS: TEMPEST,TMP_Source_FW_SPE_20240613_AM,250,Source_FW_SPE_20240613_AM,NA,NA,20240613,853,EDT,
COMPASS: TEMPEST,TMP_Source_FW_SO4_20240613_MID,5,Source_FW_SO4_20240613_MID,NA,NA,20240613,1257,EDT,
COMPASS: TEMPEST,TMP_Source_FW_FE_20240613_MID,6,Source_FW_FE_20240613_MID,NA,NA,20240613,1257,EDT,
COMPASS: TEMPEST,TMP_Source_FW_DOC_20240613_MID,20,Source_FW_DOC_20240613_MID,NA,NA,20240613,1257,EDT,
COMPASS: TEMPEST,TMP_Source_FW_NUTR_20240613_MID,8,Source_FW_NUTR_20240613_MID,NA,NA,20240613,1257,EDT,
COMPASS: TEMPEST,TMP_Source_FW_CDOM_20240613_MID,9,Source_FW_CDOM_20240613_MID,NA,NA,20240613,1257,EDT,
COMPASS: TEMPEST,TMP_Source_FW_ISO_20240613_MID,40,Source_FW_ISO_20240613_MID,NA,NA,20240613,1257,EDT,
COMPASS: TEMPEST,TMP_Source_FW_SPE_20240613_MID,250,Source_FW_SPE_20240613_MID,NA,NA,20240613,1257,EDT,
COMPASS: TEMPEST,TMP_Source_FW_SO4_20240613_PM,5,Source_FW_SO4_20240613_PM,NA,NA,20240613,1615,EDT,
COMPASS: TEMPEST,TMP_Source_FW_FE_20240613_PM,6,Source_FW_FE_20240613_PM,NA,NA,20240613,1615,EDT,
COMPASS: TEMPEST,TMP_Source_FW_DOC_20240613_PM,20,Source_FW_DOC_20240613_PM,NA,NA,20240613,1615,EDT,
COMPASS: TEMPEST,TMP_Source_FW_NUTR_20240613_PM,8,Source_FW_NUTR_20240613_PM,NA,NA,20240613,1615,EDT,
COMPASS: TEMPEST,TMP_Source_FW_CDOM_20240613_PM,9,Source_FW_CDOM_20240613_PM,NA,NA,20240613,1615,EDT,
COMPASS: TEMPEST,TMP_Source_FW_ISO_20240613_PM,40,Source_FW_ISO_20240613_PM,NA,NA,20240613,1615,EDT,
COMPASS: TEMPEST,TMP_Source_FW_SPE_20240613_PM,250,Source_FW_SPE_20240613_PM,NA,NA,20240613,1615,EDT,
COMPASS: TEMPEST,TMP_Source_SW_SO4_20240613_AM,5,Source_SW_SO4_20240613_AM,NA,NA,20240613,838,EDT,
COMPASS: TEMPEST,TMP_Source_SW_FE_20240613_AM,6,Source_SW_FE_20240613_AM,NA,NA,20240613,838,EDT,
COMPASS: TEMPEST,TMP_Source_SW_DOC_20240613_AM,20,Source_SW_DOC_20240613_AM,NA,NA,20240613,838,EDT,
COMPASS: TEMPEST,TMP_Source_SW_NUTR_20240613_AM,8,Source_SW_NUTR_20240613_AM,NA,NA,20240613,838,EDT,
COMPASS: TEMPEST,TMP_Source_SW_CDOM_20240613_AM,9,Source_SW_CDOM_20240613_AM,NA,NA,20240613,838,EDT,
COMPASS: TEMPEST,TMP_Source_SW_ISO_20240613_AM,40,Source_SW_ISO_20240613_AM,NA,NA,20240613,838,EDT,
COMPASS: TEMPEST,TMP_Source_SW_SPE_20240613_AM,250,Source_SW_SPE_20240613_AM,NA,NA,20240613,838,EDT,
COMPASS: TEMPEST,TMP_Source_SW_SO4_20240613_MID,5,Source_SW_SO4_20240613_MID,NA,NA,20240613,1228,EDT,
COMPASS: TEMPEST,TMP_Source_SW_FE_20240613_MID,6,Source_SW_FE_20240613_MID,NA,NA,20240613,1228,EDT,
COMPASS: TEMPEST,TMP_Source_SW_DOC_20240613_MID,20,Source_SW_DOC_20240613_MID,NA,NA,20240613,1228,EDT,
COMPASS: TEMPEST,TMP_Source_SW_NUTR_20240613_MID,8,Source_SW_NUTR_20240613_MID,NA,NA,20240613,1228,EDT,
COMPASS: TEMPEST,TMP_Source_SW_CDOM_20240613_MID,9,Source_SW_CDOM_20240613_MID,NA,NA,20240613,1228,EDT,
COMPASS: TEMPEST,TMP_Source_SW_ISO_20240613_MID,40,Source_SW_ISO_20240613_MID,NA,NA,20240613,1228,EDT,
COMPASS: TEMPEST,TMP_Source_SW_SPE_20240613_MID,250,Source_SW_SPE_20240613_MID,NA,NA,20240613,1228,EDT,
COMPASS: TEMPEST,TMP_Source_SW_SO4_20240613_PM,5,Source_SW_SO4_20240613_PM,NA,NA,20240613,1548,EDT,
COMPASS: TEMPEST,TMP_Source_SW_FE_20240613_PM,6,Source_SW_FE_20240613_PM,NA,NA,20240613,1548,EDT,
COMPASS: TEMPEST,TMP_Source_SW_DOC_20240613_PM,20,Source_SW_DOC_20240613_PM,NA,NA,20240613,1548,EDT,
COMPASS: TEMPEST,TMP_Source_SW_NUTR_20240613_PM,8,Source_SW_NUTR_20240613_PM,NA,NA,20240613,1548,EDT,
COMPASS: TEMPEST,TMP_Source_SW_CDOM_20240613_PM,9,Source_SW_CDOM_20240613_PM,NA,NA,20240613,1548,EDT,
COMPASS: TEMPEST,TMP_Source_SW_ISO_20240613_PM,40,Source_SW_ISO_20240613_PM,NA,NA,20240613,1548,EDT,
COMPASS: TEMPEST,TMP_Source_SW_SPE_20240613_PM,250,Source_SW_SPE_20240613_PM,NA,NA,20240613,1548,EDT,
COMPASS: TEMPEST,TMP_Source_Estuary_SO4_20240612_AM,5,Source_Estuary_SO4_20240612_AM,NA,NA,20240612,1008,EDT,high tide
COMPASS: TEMPEST,TMP_Source_Estuary_FE_20240612_AM,6,Source_Estuary_FE_20240612_AM,NA,NA,20240612,1008,EDT,high tide
COMPASS: TEMPEST,TMP_Source_Estuary_DOC_20240612_AM,20,Source_Estuary_DOC_20240612_AM,NA,NA,20240612,1008,EDT,high tide
COMPASS: TEMPEST,TMP_Source_Estuary_NUTR_20240612_AM,8,Source_Estuary_NUTR_20240612_AM,NA,NA,20240612,1008,EDT,high tide
COMPASS: TEMPEST,TMP_Source_Estuary_CDOM_20240612_AM,9,Source_Estuary_CDOM_20240612_AM,NA,NA,20240612,1008,EDT,high tide
COMPASS: TEMPEST,TMP_Source_Estuary_ISO_20240612_AM,40,Source_Estuary_ISO_20240612_AM,NA,NA,20240612,1008,EDT,high tide
COMPASS: TEMPEST,TMP_Source_Estuary_SPE_20240612_AM,250,Source_Estuary_SPE_20240612_AM,NA,NA,20240612,1008,EDT,high tide
COMPASS: TEMPEST,TMP_Source_Estuary_SO4_20240612_PM,5,Source_Estuary_SO4_20240612_PM,NA,NA,20240612,1704,EDT,low tide
COMPASS: TEMPEST,TMP_Source_Estuary_FE_20240612_PM,6,Source_Estuary_FE_20240612_PM,NA,NA,20240612,1704,EDT,low tide
COMPASS: TEMPEST,TMP_Source_Estuary_DOC_20240612_PM,20,Source_Estuary_DOC_20240612_PM,NA,NA,20240612,1704,EDT,low tide
COMPASS: TEMPEST,TMP_Source_Estuary_NUTR_20240612_PM,8,Source_Estuary_NUTR_20240612_PM,NA,NA,20240612,1704,EDT,low tide
COMPASS: TEMPEST,TMP_Source_Estuary_CDOM_20240612_PM,9,Source_Estuary_CDOM_20240612_PM,NA,NA,20240612,1704,EDT,low tide
COMPASS: TEMPEST,TMP_Source_Estuary_ISO_20240612_PM,40,Source_Estuary_ISO_20240612_PM,NA,NA,20240612,1704,EDT,low tide
COMPASS: TEMPEST,TMP_Source_Estuary_SPE_20240612_PM,250,Source_Estuary_SPE_20240612_PM,NA,NA,20240612,1704,EDT,low tide
COMPASS: TEMPEST,TMP_Source_FW_SO4_20240612_AM,5,Source_FW_SO4_20240612_AM,NA,NA,20240612,900,EDT,
COMPASS: TEMPEST,TMP_Source_FW_FE_20240612_AM,6,Source_FW_FE_20240612_AM,NA,NA,20240612,900,EDT,
COMPASS: TEMPEST,TMP_Source_FW_DOC_20240612_AM,20,Source_FW_DOC_20240612_AM,NA,NA,20240612,900,EDT,
COMPASS: TEMPEST,TMP_Source_FW_NUTR_20240612_AM,8,Source_FW_NUTR_20240612_AM,NA,NA,20240612,900,EDT,.
COMPASS: TEMPEST,TMP_Source_FW_CDOM_20240612_AM,9,Source_FW_CDOM_20240612_AM,NA,NA,20240612,900,EDT,
COMPASS: TEMPEST,TMP_Source_FW_ISO_20240612_AM,40,Source_FW_ISO_20240612_AM,NA,NA,20240612,900,EDT,
COMPASS: TEMPEST,TMP_Source_FW_SPE_20240612_AM,250,Source_FW_SPE_20240612_AM,NA,NA,20240612,900,EDT,
COMPASS: TEMPEST,TMP_Source_FW_SO4_20240612_MID,5,Source_FW_SO4_20240612_MID,NA,NA,20240612,1255,EDT,
COMPASS: TEMPEST,TMP_Source_FW_FE_20240612_MID,6,Source_FW_FE_20240612_MID,NA,NA,20240612,1255,EDT,
COMPASS: TEMPEST,TMP_Source_FW_DOC_20240612_MID,20,Source_FW_DOC_20240612_MID,NA,NA,20240612,1255,EDT,
COMPASS: TEMPEST,TMP_Source_FW_NUTR_20240612_MID,8,Source_FW_NUTR_20240612_MID,NA,NA,20240612,1255,EDT,
COMPASS: TEMPEST,TMP_Source_FW_CDOM_20240612_MID,9,Source_FW_CDOM_20240612_MID,NA,NA,20240612,1255,EDT,
COMPASS: TEMPEST,TMP_Source_FW_ISO_20240612_MID,40,Source_FW_ISO_20240612_MID,NA,NA,20240612,1255,EDT,
COMPASS: TEMPEST,TMP_Source_FW_SPE_20240612_MID,250,Source_FW_SPE_20240612_MID,NA,NA,20240612,1255,EDT,
COMPASS: TEMPEST,TMP_Source_FW_SO4_20240612_PM,5,Source_FW_SO4_20240612_PM,NA,NA,20240612,1554,EDT,
COMPASS: TEMPEST,TMP_Source_FW_FE_20240612_PM,6,Source_FW_FE_20240612_PM,NA,NA,20240612,1554,EDT,
COMPASS: TEMPEST,TMP_Source_FW_DOC_20240612_PM,20,Source_FW_DOC_20240612_PM,NA,NA,20240612,1554,EDT,
COMPASS: TEMPEST,TMP_Source_FW_NUTR_20240612_PM,8,Source_FW_NUTR_20240612_PM,NA,NA,20240612,1554,EDT,
COMPASS: TEMPEST,TMP_Source_FW_CDOM_20240612_PM,9,Source_FW_CDOM_20240612_PM,NA,NA,20240612,1554,EDT,
COMPASS: TEMPEST,TMP_Source_FW_ISO_20240612_PM,40,Source_FW_ISO_20240612_PM,NA,NA,20240612,1554,EDT,
COMPASS: TEMPEST,TMP_Source_FW_SPE_20240612_PM,250,Source_FW_SPE_20240612_PM,NA,NA,20240612,1554,EDT,
COMPASS: TEMPEST,TMP_Source_SW_SO4_20240612_AM,5,Source_SW_SO4_20240612_AM,NA,NA,20240612,845,EDT,
COMPASS: TEMPEST,TMP_Source_SW_FE_20240612_AM,6,Source_SW_FE_20240612_AM,NA,NA,20240612,845,EDT,
COMPASS: TEMPEST,TMP_Source_SW_DOC_20240612_AM,20,Source_SW_DOC_20240612_AM,NA,NA,20240612,845,EDT,
COMPASS: TEMPEST,TMP_Source_SW_NUTR_20240612_AM,8,Source_SW_NUTR_20240612_AM,NA,NA,20240612,845,EDT,
COMPASS: TEMPEST,TMP_Source_SW_CDOM_20240612_AM,9,Source_SW_CDOM_20240612_AM,NA,NA,20240612,845,EDT,
COMPASS: TEMPEST,TMP_Source_SW_ISO_20240612_AM,40,Source_SW_ISO_20240612_AM,NA,NA,20240612,845,EDT,
COMPASS: TEMPEST,TMP_Source_SW_SPE_20240612_AM,250,Source_SW_SPE_20240612_AM,NA,NA,20240612,845,EDT,
COMPASS: TEMPEST,TMP_Source_SW_SO4_20240612_MID,5,Source_SW_SO4_20240612_MID,NA,NA,20240612,1230,EDT,
COMPASS: TEMPEST,TMP_Source_SW_FE_20240612_MID,6,Source_SW_FE_20240612_MID,NA,NA,20240612,1230,EDT,
COMPASS: TEMPEST,TMP_Source_SW_DOC_20240612_MID,20,Source_SW_DOC_20240612_MID,NA,NA,20240612,1230,EDT,
COMPASS: TEMPEST,TMP_Source_SW_NUTR_20240612_MID,8,Source_SW_NUTR_20240612_MID,NA,NA,20240612,1230,EDT,
COMPASS: TEMPEST,TMP_Source_SW_CDOM_20240612_MID,9,Source_SW_CDOM_20240612_MID,NA,NA,20240612,1230,EDT,
COMPASS: TEMPEST,TMP_Source_SW_ISO_20240612_MID,40,Source_SW_ISO_20240612_MID,NA,NA,20240612,1230,EDT,
COMPASS: TEMPEST,TMP_Source_SW_SPE_20240612_MID,250,Source_SW_SPE_20240612_MID,NA,NA,20240612,1230,EDT,
COMPASS: TEMPEST,TMP_Source_SW_SO4_20240612_PM,5,Source_SW_SO4_20240612_PM,NA,NA,20240612,1535,EDT,
COMPASS: TEMPEST,TMP_Source_SW_FE_20240612_PM,6,Source_SW_FE_20240612_PM,NA,NA,20240612,1535,EDT,
COMPASS: TEMPEST,TMP_Source_SW_DOC_20240612_PM,20,Source_SW_DOC_20240612_PM,NA,NA,20240612,1535,EDT,
COMPASS: TEMPEST,TMP_Source_SW_NUTR_20240612_PM,8,Source_SW_NUTR_20240612_PM,NA,NA,20240612,1535,EDT,
COMPASS: TEMPEST,TMP_Source_SW_CDOM_20240612_PM,9,Source_SW_CDOM_20240612_PM,NA,NA,20240612,1535,EDT,
COMPASS: TEMPEST,TMP_Source_SW_ISO_20240612_PM,40,Source_SW_ISO_20240612_PM,NA,NA,20240612,1535,EDT,
COMPASS: TEMPEST,TMP_Source_SW_SPE_20240612_PM,250,Source_SW_SPE_20240612_PM,NA,NA,20240612,1535,EDT,
COMPASS: TEMPEST,TMP_Source_Estuary_SO4_20240611_AM,5,Source_Estuary_SO4_20240611_AM,NA,NA,20240611,940,EDT,high tide
COMPASS: TEMPEST,TMP_Source_Estuary_FE_20240611_AM,6,Source_Estuary_FE_20240611_AM,NA,NA,20240611,940,EDT,high tide
COMPASS: TEMPEST,TMP_Source_Estuary_DOC_20240611_AM,20,Source_Estuary_DOC_20240611_AM,NA,NA,20240611,940,EDT,high tide
COMPASS: TEMPEST,TMP_Source_Estuary_NUTR_20240611_AM,8,Source_Estuary_NUTR_20240611_AM,NA,NA,20240611,940,EDT,high tide
COMPASS: TEMPEST,TMP_Source_Estuary_CDOM_20240611_AM,9,Source_Estuary_CDOM_20240611_AM,NA,NA,20240611,940,EDT,high tide
COMPASS: TEMPEST,TMP_Source_Estuary_ISO_20240611_AM,40,Source_Estuary_ISO_20240611_AM,NA,NA,20240611,940,EDT,high tide
COMPASS: TEMPEST,TMP_Source_Estuary_SPE_20240611_AM,250,Source_Estuary_SPE_20240611_AM,NA,NA,20240611,940,EDT,high tide
COMPASS: TEMPEST,TMP_Source_Estuary_SO4_20240611_PM,5,Source_Estuary_SO4_20240611_PM,NA,NA,20240611,1630,EDT,low tide
COMPASS: TEMPEST,TMP_Source_Estuary_FE_20240611_PM,6,Source_Estuary_FE_20240611_PM,NA,NA,20240611,1630,EDT,low tide
COMPASS: TEMPEST,TMP_Source_Estuary_DOC_20240611_PM,20,Source_Estuary_DOC_20240611_PM,NA,NA,20240611,1630,EDT,low tide
COMPASS: TEMPEST,TMP_Source_Estuary_NUTR_20240611_PM,8,Source_Estuary_NUTR_20240611_PM,NA,NA,20240611,1630,EDT,low tide
COMPASS: TEMPEST,TMP_Source_Estuary_CDOM_20240611_PM,9,Source_Estuary_CDOM_20240611_PM,NA,NA,20240611,1630,EDT,low tide
COMPASS: TEMPEST,TMP_Source_Estuary_ISO_20240611_PM,40,Source_Estuary_ISO_20240611_PM,NA,NA,20240611,1630,EDT,low tide
COMPASS: TEMPEST,TMP_Source_Estuary_SPE_20240611_PM,250,Source_Estuary_SPE_20240611_PM,NA,NA,20240611,1630,EDT,low tide
COMPASS: TEMPEST,TMP_Source_FW_SO4_20240611_AM,5,Source_FW_SO4_20240611_AM,NA,NA,20240611,834,EDT,
COMPASS: TEMPEST,TMP_Source_FW_FE_20240611_AM,6,Source_FW_FE_20240611_AM,NA,NA,20240611,834,EDT,
COMPASS: TEMPEST,TMP_Source_FW_DOC_20240611_AM,20,Source_FW_DOC_20240611_AM,NA,NA,20240611,834,EDT,
COMPASS: TEMPEST,TMP_Source_FW_NUTR_20240611_AM,8,Source_FW_NUTR_20240611_AM,NA,NA,20240611,834,EDT,
COMPASS: TEMPEST,TMP_Source_FW_CDOM_20240611_AM,9,Source_FW_CDOM_20240611_AM,NA,NA,20240611,834,EDT,
COMPASS: TEMPEST,TMP_Source_FW_ISO_20240611_AM,40,Source_FW_ISO_20240611_AM,NA,NA,20240611,834,EDT,
COMPASS: TEMPEST,TMP_Source_FW_SPE_20240611_AM,250,Source_FW_SPE_20240611_AM,NA,NA,20240611,834,EDT,
COMPASS: TEMPEST,TMP_Source_FW_SO4_20240611_MID,5,Source_FW_SO4_20240611_MID,NA,NA,20240611,1232,EDT,
COMPASS: TEMPEST,TMP_Source_FW_FE_20240611_MID,6,Source_FW_FE_20240611_MID,NA,NA,20240611,1232,EDT,
COMPASS: TEMPEST,TMP_Source_FW_DOC_20240611_MID,20,Source_FW_DOC_20240611_MID,NA,NA,20240611,1232,EDT,
COMPASS: TEMPEST,TMP_Source_FW_NUTR_20240611_MID,8,Source_FW_NUTR_20240611_MID,NA,NA,20240611,1232,EDT,
COMPASS: TEMPEST,TMP_Source_FW_CDOM_20240611_MID,9,Source_FW_CDOM_20240611_MID,NA,NA,20240611,1232,EDT,
COMPASS: TEMPEST,TMP_Source_FW_ISO_20240611_MID,40,Source_FW_ISO_20240611_MID,NA,NA,20240611,1232,EDT,
COMPASS: TEMPEST,TMP_Source_FW_SPE_20240611_MID,250,Source_FW_SPE_20240611_MID,NA,NA,20240611,1232,EDT,
COMPASS: TEMPEST,TMP_Source_FW_SO4_20240611_PM,5,Source_FW_SO4_20240611_PM,NA,NA,20240611,1550,EDT,
COMPASS: TEMPEST,TMP_Source_FW_FE_20240611_PM,6,Source_FW_FE_20240611_PM,NA,NA,20240611,1550,EDT,
COMPASS: TEMPEST,TMP_Source_FW_DOC_20240611_PM,20,Source_FW_DOC_20240611_PM,NA,NA,20240611,1550,EDT,
COMPASS: TEMPEST,TMP_Source_FW_NUTR_20240611_PM,8,Source_FW_NUTR_20240611_PM,NA,NA,20240611,1550,EDT,
COMPASS: TEMPEST,TMP_Source_FW_CDOM_20240611_PM,9,Source_FW_CDOM_20240611_PM,NA,NA,20240611,1550,EDT,
COMPASS: TEMPEST,TMP_Source_FW_ISO_20240611_PM,40,Source_FW_ISO_20240611_PM,NA,NA,20240611,1550,EDT,
COMPASS: TEMPEST,TMP_Source_FW_SPE_20240611_PM,250,Source_FW_SPE_20240611_PM,NA,NA,20240611,1550,EDT,
COMPASS: TEMPEST,TMP_Source_SW_SO4_20240611_AM,5,Source_SW_SO4_20240611_AM,NA,NA,20240611,847,EDT,
COMPASS: TEMPEST,TMP_Source_SW_FE_20240611_AM,6,Source_SW_FE_20240611_AM,NA,NA,20240611,847,EDT,
COMPASS: TEMPEST,TMP_Source_SW_DOC_20240611_AM,20,Source_SW_DOC_20240611_AM,NA,NA,20240611,847,EDT,
COMPASS: TEMPEST,TMP_Source_SW_NUTR_20240611_AM,8,Source_SW_NUTR_20240611_AM,NA,NA,20240611,847,EDT,
COMPASS: TEMPEST,TMP_Source_SW_CDOM_20240611_AM,9,Source_SW_CDOM_20240611_AM,NA,NA,20240611,847,EDT,
COMPASS: TEMPEST,TMP_Source_SW_ISO_20240611_AM,40,Source_SW_ISO_20240611_AM,NA,NA,20240611,847,EDT,
COMPASS: TEMPEST,TMP_Source_SW_SPE_20240611_AM,250,Source_SW_SPE_20240611_AM,NA,NA,20240611,847,EDT,
COMPASS: TEMPEST,TMP_Source_SW_SO4_20240611_MID,5,Source_SW_SO4_20240611_MID,NA,NA,20240611,1247,EDT,
COMPASS: TEMPEST,TMP_Source_SW_FE_20240611_MID,6,Source_SW_FE_20240611_MID,NA,NA,20240611,1247,EDT,
COMPASS: TEMPEST,TMP_Source_SW_DOC_20240611_MID,20,Source_SW_DOC_20240611_MID,NA,NA,20240611,1247,EDT,
COMPASS: TEMPEST,TMP_Source_SW_NUTR_20240611_MID,8,Source_SW_NUTR_20240611_MID,NA,NA,20240611,1247,EDT,
COMPASS: TEMPEST,TMP_Source_SW_CDOM_20240611_MID,9,Source_SW_CDOM_20240611_MID,NA,NA,20240611,1247,EDT,
COMPASS: TEMPEST,TMP_Source_SW_ISO_20240611_MID,40,Source_SW_ISO_20240611_MID,NA,NA,20240611,1247,EDT,
COMPASS: TEMPEST,TMP_Source_SW_SPE_20240611_MID,250,Source_SW_SPE_20240611_MID,NA,NA,20240611,1247,EDT,
COMPASS: TEMPEST,TMP_Source_SW_SO4_20240611_PM,5,Source_SW_SO4_20240611_PM,NA,NA,20240611,1550,EDT,
COMPASS: TEMPEST,TMP_Source_SW_FE_20240611_PM,6,Source_SW_FE_20240611_PM,NA,NA,20240611,1550,EDT,
COMPASS: TEMPEST,TMP_Source_SW_DOC_20240611_PM,20,Source_SW_DOC_20240611_PM,NA,NA,20240611,1550,EDT,
COMPASS: TEMPEST,TMP_Source_SW_NUTR_20240611_PM,8,Source_SW_NUTR_20240611_PM,NA,NA,20240611,1550,EDT,
COMPASS: TEMPEST,TMP_Source_SW_CDOM_20240611_PM,9,Source_SW_CDOM_20240611_PM,NA,NA,20240611,1550,EDT,
COMPASS: TEMPEST,TMP_Source_SW_ISO_20240611_PM,40,Source_SW_ISO_20240611_PM,NA,NA,20240611,1550,EDT,
COMPASS: TEMPEST,TMP_Source_SW_SPE_20240611_PM,250,Source_SW_SPE_20240611_PM,NA,NA,20240611,1550,EDT,
COMPASS:TEMPEST,TMP_Source_FW_HR0_20220622_0654,,TMP_FW_SOURCE_HR0,NA,NA,6/22/2022,6:54,EDT,
COMPASS:TEMPEST,TMP_Source_SW_HR0_20220622_0645,,TMP_SW_SOURCE_HR0,NA,NA,6/22/2022,6:45,EDT,
COMPASS:TEMPEST,TMP_Source_FW_HR1_20220622_0800,,TMP_FW_SOURCE_HR1,NA,NA,6/22/2022,8:00,EDT,
COMPASS:TEMPEST,TMP_Source_SW_HR1_20220622_0800,,TMP_SW_SOURCE_HR1,NA,NA,6/22/2022,8:00,EDT,
COMPASS:TEMPEST,TMP_Source_FW_HR2_20220622_0930,,TMP_FW_SOURCE_HR2,NA,NA,6/22/2022,9:30,EDT,
COMPASS:TEMPEST,TMP_Source_SW_HR2_20220622_0930,,TMP_SW_SOURCE_HR2,NA,NA,6/22/2022,9:30,EDT,
COMPASS:TEMPEST,TMP_Source_FW_HR3_20220622_1000,,TMP_FW_SOURCE_HR3,NA,NA,6/22/2022,10:00,EDT,
COMPASS:TEMPEST,,,TMP_SW_SOURCE_HR3,NA,NA,6/22/2022,10:00,EDT,
COMPASS:TEMPEST,,,TMP_FW_SOURCE_HR4,NA,NA,6/22/2022,11:00,EDT,
COMPASS:TEMPEST,,,TMP_SW_SOURCE_HR4,NA,NA,6/22/2022,11:00,EDT,
COMPASS:TEMPEST,,,TMP_FW_SOURCE_HR5,NA,NA,6/22/2022,12:00,EDT,
COMPASS:TEMPEST,,,TMP_SW_SOURCE_HR5,NA,NA,6/22/2022,12:00,EDT,
COMPASS:TEMPEST,,,TMP_FW_SOURCE_HR7,NA,NA,6/22/2022,14:48,EDT,
COMPASS:TEMPEST,,,TMP_SW_SOURCE_HR7,NA,NA,6/22/2022,14:09,EDT,
COMPASS: TEMPEST,TMP_Source_Estuary_T1_SO4_20230607_AM,5,Source_Estuary_T1_SO4_20230607_AM,NA,NA,20230607,710,EDT,
COMPASS: TEMPEST,TMP_Source_Estuary_T1_FE_20230607,6,Source_Estuary_T1_FE_20230607,NA,NA,20230607,710,EDT,
COMPASS: TEMPEST,TMP_Source_Estuary_T1_DOC_20230607,20,Source_Estuary_T1_DOC_20230607,NA,NA,20230607,710,EDT,
COMPASS: TEMPEST,TMP_Source_Estuary_T1_NUTR_20230607,8,Source_Estuary_T1_NUTR_20230607,NA,NA,20230607,710,EDT,
COMPASS: TEMPEST,TMP_Source_Estuary_T1_POOLED_20230607,250,Source_Estuary_T1_POOLED_20230607_AM,NA,NA,20230607,710,EDT,
COMPASS: TEMPEST,TMP_Source_Estuary_T2_SO4_20230607,5,Source_Estuary_T2_SO4_20230607,NA,NA,20230607,1346,EDT,
COMPASS: TEMPEST,TMP_Source_Estuary_T2_FE_20230607,6,Source_Estuary_T2_FE_20230607,NA,NA,20230607,1346,EDT,
COMPASS: TEMPEST,TMP_Source_Estuary_T2_DOC_20230607,20,Source_Estuary_T2_DOC_20230607,NA,NA,20230607,1346,EDT,
COMPASS: TEMPEST,TMP_Source_Estuary_T2_NUTR_20230607,8,Source_Estuary_T2_NUTR_20230607,NA,NA,20230607,1346,EDT,
COMPASS: TEMPEST,TMP_Source_Estuary_T2_POOLED_20230607,250,Source_Estuary_T2_POOLED_20230607,NA,NA,20230607,1346,EDT,
COMPASS: TEMPEST,TMP_Source_Estuary_T3_SO4_20230607,5,Source_Estuary_T3_SO4_20230607,NA,NA,20230607,1500,EDT,
COMPASS: TEMPEST,TMP_Source_Estuary_T3_FE_20230607,6,Source_Estuary_T3_FE_20230607,NA,NA,20230607,1500,EDT,
COMPASS: TEMPEST,TMP_Source_Estuary_T3_DOC_20230607,20,Source_Estuary_T3_DOC_20230607,NA,NA,20230607,1500,EDT,
COMPASS: TEMPEST,TMP_Source_Estuary_T3_NUTR_20230607,8,Source_Estuary_T3_NUTR_20230607,NA,NA,20230607,1500,EDT,
COMPASS: TEMPEST,TMP_Source_Estuary_T3_POOLED_20230607,250,Source_Estuary_T3_POOLED_20230607,NA,NA,20230607,1500,EDT,
COMPASS: TEMPEST,TMP_Source_FW_T1_SO4_20230607,5,Source_FW_T1_SO4_20230607,NA,NA,20230607,611,EDT,
COMPASS: TEMPEST,TMP_Source_FW_T1_FE_20230607,6,Source_FW_T1_FE_20230607,NA,NA,20230607,611,EDT,
COMPASS: TEMPEST,TMP_Source_FW_T1_DOC_20230607,19,Source_FW_T1_DOC_20230607,NA,NA,20230607,611,EDT,
COMPASS: TEMPEST,TMP_Source_FW_T1_NUTR_20230607,8,Source_FW_T1_NUTR_20230607,NA,NA,20230607,611,EDT,
COMPASS: TEMPEST,TMP_Source_FW_T1_POOLED_20230607,250,Source_FW_T1_POOLED_20230607,NA,NA,20230607,611,EDT,
COMPASS: TEMPEST,TMP_Source_FW_T2_SO4_20230607,5,Source_FW_T2_SO4_20230607,NA,NA,20230607,1246,EDT,
COMPASS: TEMPEST,TMP_Source_FW_T2_FE_20230607,6,Source_FW_T2_FE_20230607,NA,NA,20230607,1246,EDT,
COMPASS: TEMPEST,TMP_Source_FW_T2_DOC_20230607,20,Source_FW_T2_DOC_20230607,NA,NA,20230607,1246,EDT,
COMPASS: TEMPEST,TMP_Source_FW_T2_NUTR_20230607,8,Source_FW_T2_NUTR_20230607,NA,NA,20230607,1246,EDT,
COMPASS: TEMPEST,TMP_Source_FW_T2_POOLED_20230607,250,Source_FW_T2_POOLED_20230607,NA,NA,20230607,1246,EDT,
COMPASS: TEMPEST,TMP_Source_FW_T3_SO4_20230607,5,Source_FW_T3_SO4_20230607,NA,NA,20230607,1519,EDT,water in flow thru has one large bubble
COMPASS: TEMPEST,TMP_Source_FW_T3_FE_20230607,6,Source_FW_T3_FE_20230607,NA,NA,20230607,1519,EDT,water in flow thru has one large bubble
COMPASS: TEMPEST,TMP_Source_FW_T3_DOC_20230607,20,Source_FW_T3_DOC_20230607,NA,NA,20230607,1519,EDT,water in flow thru has one large bubble
COMPASS: TEMPEST,TMP_Source_FW_T3_NUTR_20230607,8,Source_FW_T3_NUTR_20230607,NA,NA,20230607,1519,EDT,water in flow thru has one large bubble
COMPASS: TEMPEST,TMP_Source_FW_T3_POOLED_20230607,250,Source_FW_T3_POOLED_20230607,NA,NA,20230607,1519,EDT,water in flow thru has one large bubble
COMPASS: TEMPEST,TMP_Source_SW_T1_SO4_20230607,5,Source_SW_T1_SO4_20230607,NA,NA,20230607,621,EDT,
COMPASS: TEMPEST,TMP_Source_SW_T1_FE_20230607,6,Source_SW_T1_FE_20230607,NA,NA,20230607,621,EDT,
COMPASS: TEMPEST,TMP_Source_SW_T1_DOC_20230607,19,Source_SW_T1_DOC_20230607,NA,NA,20230607,621,EDT,
COMPASS: TEMPEST,TMP_Source_SW_T1_NUTR_20230607,8,Source_SW_T1_NUTR_20230607,NA,NA,20230607,621,EDT,
COMPASS: TEMPEST,TMP_Source_SW_T1_POOLED_20230607,250,Source_SW_T1_POOLED_20230607,NA,NA,20230607,621,EDT,
COMPASS: TEMPEST,TMP_Source_SW_T2_SO4_20230607,5,Source_SW_T2_SO4_20230607,NA,NA,20230607,1255,EDT,"When SW pump cycled, the lines came out brown. Ran it until it came clear again to sample."
COMPASS: TEMPEST,TMP_Source_SW_T2_FE_20230607,7,Source_SW_T2_FE_20230607,NA,NA,20230607,1255,EDT,"When SW pump cycled, the lines came out brown. Ran it until it came clear again to sample."
COMPASS: TEMPEST,TMP_Source_SW_T2_DOC_20230607,20,Source_SW_T2_DOC_20230607,NA,NA,20230607,1255,EDT,"When SW pump cycled, the lines came out brown. Ran it until it came clear again to sample."
COMPASS: TEMPEST,TMP_Source_SW_T2_NUTR_20230607,9,Source_SW_T2_NUTR_20230607,NA,NA,20230607,1255,EDT,"When SW pump cycled, the lines came out brown. Ran it until it came clear again to sample."
COMPASS: TEMPEST,TMP_Source_SW_T2_POOLED_20230607,250,Source_SW_T2_POOLED_20230607,NA,NA,20230607,1255,EDT,"When SW pump cycled, the lines came out brown. Ran it until it came clear again to sample."
COMPASS: TEMPEST,TMP_Source_SW_T3_SO4_20230607,5,Source_SW_T3_SO4_20230607,NA,NA,20230607,1515,EDT,
COMPASS: TEMPEST,TMP_Source_SW_T3_FE_20230607,7,Source_SW_T3_FE_20230607,NA,NA,20230607,1515,EDT,
COMPASS: TEMPEST,TMP_Source_SW_T3_DOC_20230607,20,Source_SW_T3_DOC_20230607,NA,NA,20230607,1515,EDT,
COMPASS: TEMPEST,TMP_Source_SW_T3_NUTR_20230607,9,Source_SW_T3_NUTR_20230607,NA,NA,20230607,1515,EDT,
COMPASS: TEMPEST,TMP_Source_SW_T3_POOLED_20230607,250,Source_SW_T3_POOLED_20230607,NA,NA,20230607,1515,EDT,
COMPASS: TEMPEST,TMP_Source_Estuary_T1_SO4_20230606,5,Source_Estuary_T1_SO4_20230606,NA,NA,20230606,632,EDT,
COMPASS: TEMPEST,TMP_Source_Estuary_T1_FE_20230606,6,Source_Estuary_T1_FE_20230606,NA,NA,20230606,632,EDT,
COMPASS: TEMPEST,TMP_Source_Estuary_T1_DOC_20230606,20,Source_Estuary_T1_DOC_20230606,NA,NA,20230606,632,EDT,
COMPASS: TEMPEST,TMP_Source_Estuary_T1_NUTR_20230606,8,Source_Estuary_T1_NUTR_20230606,NA,NA,20230606,632,EDT,
COMPASS: TEMPEST,TMP_Source_Estuary_T1_POOLED_20230606,250,Source_Estuary_T1_POOLED_20230606,NA,NA,20230606,632,EDT,
COMPASS: TEMPEST,TMP_Source_Estuary_T2_SO4_20230606,5,Source_Estuary_T2_SO4_20230606,NA,NA,20230606,1236,EDT,
COMPASS: TEMPEST,TMP_Source_Estuary_T2_FE_20230606,6,Source_Estuary_T2_FE_20230606,NA,NA,20230606,1236,EDT,
COMPASS: TEMPEST,TMP_Source_Estuary_T2_DOC_20230606,20,Source_Estuary_T2_DOC_20230606,NA,NA,20230606,1236,EDT,
COMPASS: TEMPEST,TMP_Source_Estuary_T2_NUTR_20230606,8,Source_Estuary_T2_NUTR_20230606,NA,NA,20230606,1236,EDT,
COMPASS: TEMPEST,TMP_Source_Estuary_T2_POOLED_20230606,250,Source_Estuary_T2_POOLED_20230606,NA,NA,20230606,1236,EDT,
COMPASS: TEMPEST,TMP_Source_Estuary_T3_SO4_20230606,5,Source_Estuary_T3_SO4_20230606,NA,NA,20230606,1524,EDT,
COMPASS: TEMPEST,TMP_Source_Estuary_T3_FE_20230606,6,Source_Estuary_T3_FE_20230606,NA,NA,20230606,1524,EDT,
COMPASS: TEMPEST,TMP_Source_Estuary_T3_DOC_20230606,20,Source_Estuary_T3_DOC_20230606,NA,NA,20230606,1524,EDT,
COMPASS: TEMPEST,TMP_Source_Estuary_T3_NUTR_20230606,8,Source_Estuary_T3_NUTR_20230606,NA,NA,20230606,1524,EDT,
COMPASS: TEMPEST,TMP_Source_Estuary_T3_POOLED_20230606,250,Source_Estuary_T3_POOLED_20230606,NA,NA,20230606,1524,EDT,
COMPASS: TEMPEST,TMP_Source_FW_T1_SO4_20230606,5,Source_FW_T1_SO4_20230606,NA,NA,20230606,718,EDT,
COMPASS: TEMPEST,TMP_Source_FW_T1_FE_20230606,6,Source_FW_T1_FE_20230606,NA,NA,20230606,718,EDT,
COMPASS: TEMPEST,TMP_Source_FW_T1_DOC_20230606,20,Source_FW_T1_DOC_20230606,NA,NA,20230606,718,EDT,
COMPASS: TEMPEST,TMP_Source_FW_T1_NUTR_20230606,8,Source_FW_T1_NUTR_20230606,NA,NA,20230606,718,EDT,
COMPASS: TEMPEST,TMP_Source_FW_T1_POOLED_20230606,250,Source_FW_T1_POOLED_20230606,NA,NA,20230606,718,EDT,
COMPASS: TEMPEST,TMP_Source_FW_T2_SO4_20230606,5,Source_FW_T2_SO4_20230606,NA,NA,20230606,1326,EDT,
COMPASS: TEMPEST,TMP_Source_FW_T2_FE_20230606,6,Source_FW_T2_FE_20230606,NA,NA,20230606,1326,EDT,
COMPASS: TEMPEST,TMP_Source_FW_T2_DOC_20230606,20,Source_FW_T2_DOC_20230606,NA,NA,20230606,1326,EDT,
COMPASS: TEMPEST,TMP_Source_FW_T2_NUTR_20230606,8,Source_FW_T2_NUTR_20230606,NA,NA,20230606,1326,EDT,
COMPASS: TEMPEST,TMP_Source_FW_T2_POOLED_20230606,250,Source_FW_T2_POOLED_20230606,NA,NA,20230606,1326,EDT,
COMPASS: TEMPEST,TMP_Source_FW_T3_SO4_20230606,5,Source_FW_T3_SO4_20230606,NA,NA,20230606,1511,EDT,
COMPASS: TEMPEST,TMP_Source_FW_T3_FE_20230606,6,Source_FW_T3_FE_20230606,NA,NA,20230606,1511,EDT,
COMPASS: TEMPEST,TMP_Source_FW_T3_DOC_20230606,20,Source_FW_T3_DOC_20230606,NA,NA,20230606,1511,EDT,
COMPASS: TEMPEST,TMP_Source_FW_T3_NUTR_20230606,8,Source_FW_T3_NUTR_20230606,NA,NA,20230606,1511,EDT,
COMPASS: TEMPEST,TMP_Source_FW_T3_POOLED_20230606,250,Source_FW_T3_POOLED_20230606,NA,NA,20230606,1511,EDT,
COMPASS: TEMPEST,TMP_Source_SW_T1_SO4_20230606,5,Source_SW_T1_SO4_20230606,NA,NA,20230606,709,EDT,
COMPASS: TEMPEST,TMP_Source_SW_T1_FE_20230606,6,Source_SW_T1_FE_20230606,NA,NA,20230606,709,EDT,
COMPASS: TEMPEST,TMP_Source_SW_T1_DOC_20230606,20,Source_SW_T1_DOC_20230606,NA,NA,20230606,709,EDT,
COMPASS: TEMPEST,TMP_Source_SW_T1_NUTR_20230606,8,Source_SW_T1_NUTR_20230606,NA,NA,20230606,709,EDT,
COMPASS: TEMPEST,TMP_Source_SW_T1_POOLED_20230606,250,Source_SW_T1_POOLED_20230606,NA,NA,20230606,709,EDT,
COMPASS: TEMPEST,TMP_Source_SW_T2_SO4_20230606,5,Source_SW_T2_SO4_20230606,NA,NA,20230606,1301,EDT,
COMPASS: TEMPEST,TMP_Source_SW_T2_FE_20230606,6,Source_SW_T2_FE_20230606,NA,NA,20230606,1301,EDT,
COMPASS: TEMPEST,TMP_Source_SW_T2_DOC_20230606,20,Source_SW_T2_DOC_20230606,NA,NA,20230606,1301,EDT,
COMPASS: TEMPEST,TMP_Source_SW_T2_NUTR_20230606,8,Source_SW_T2_NUTR_20230606,NA,NA,20230606,1301,EDT,
COMPASS: TEMPEST,TMP_Source_SW_T2_POOLED_20230606,250,Source_SW_T2_POOLED_20230606,NA,NA,20230606,1301,EDT,
COMPASS: TEMPEST,TMP_Source_SW_T3_SO4_20230606,5,Source_SW_T3_SO4_20230606,NA,NA,20230606,1502,EDT,
COMPASS: TEMPEST,TMP_Source_SW_T3_FE_20230606,6,Source_SW_T3_FE_20230606,NA,NA,20230606,1502,EDT,
COMPASS: TEMPEST,TMP_Source_SW_T3_DOC_20230606,20,Source_SW_T3_DOC_20230606,NA,NA,20230606,1502,EDT,
COMPASS: TEMPEST,TMP_Source_SW_T3_NUTR_20230606,8,Source_SW_T3_NUTR_20230606,NA,NA,20230606,1502,EDT,
COMPASS: TEMPEST,TMP_Source_SW_T3_POOLED_20230606,250,Source_SW_T3_POOLED_20230606,NA,NA,20230606,1502,EDT,
